IDSale,Date,AgreedPrice,Price,Status,Time
1,7/4/2017,99.11,48.56,erat,4:55 AM
2,12/17/2016,92.48,62.21,ultrices,3:29 AM
3,11/11/2016,69.94,53.87,integer,6:37 AM
4,6/19/2017,4.89,72.49,massa,7:26 AM
5,3/31/2017,3.32,70.53,quisque,1:07 PM
6,9/13/2016,64.84,13.42,odio,1:46 PM
7,4/4/2017,37.61,2.47,sed,10:36 PM
8,10/16/2016,61.46,69.61,primis,11:37 PM
9,11/16/2016,97.44,68.0,ut,12:08 AM
10,10/19/2016,43.68,17.47,risus,1:49 PM
11,11/24/2016,50.81,26.22,ut,3:30 AM
12,3/6/2017,87.5,56.75,semper,1:59 PM
13,11/17/2016,78.29,27.87,in,8:48 AM
14,8/26/2017,72.84,69.08,ipsum,10:24 AM
15,10/19/2016,98.42,99.04,at,11:06 AM
16,6/6/2017,30.79,58.72,odio,4:15 AM
17,7/18/2017,93.13,28.54,donec,8:25 AM
18,5/31/2017,54.77,34.45,lacinia,5:28 PM
19,4/14/2017,94.44,26.94,non,5:07 AM
20,3/3/2017,43.16,95.64,a,9:48 PM
21,11/22/2016,88.53,27.12,quis,6:43 PM
22,1/9/2017,10.99,14.53,porttitor,8:15 PM
23,12/15/2016,39.65,28.5,risus,8:08 PM
24,5/31/2017,78.41,23.05,lacinia,2:09 PM
25,12/22/2016,59.58,71.45,id,3:04 PM
26,6/8/2017,37.05,86.58,mi,9:57 PM
27,5/30/2017,7.01,47.19,duis,2:42 PM
28,12/23/2016,54.31,57.95,convallis,3:43 AM
29,7/9/2017,94.8,86.61,magna,8:21 AM
30,7/14/2017,52.36,2.03,hac,8:38 AM
31,11/10/2016,6.78,72.97,tellus,2:27 PM
32,1/6/2017,83.06,48.22,aliquet,2:15 PM
33,11/2/2016,21.07,74.37,id,8:52 PM
34,2/15/2017,28.88,87.87,ultrices,3:51 PM
35,3/11/2017,70.12,99.95,dapibus,3:11 AM
36,6/8/2017,61.5,31.33,dui,12:16 AM
37,3/23/2017,68.04,14.43,ornare,11:11 AM
38,4/10/2017,40.85,5.43,dui,2:49 AM
39,1/2/2017,70.07,4.86,erat,12:21 AM
40,4/20/2017,33.21,1.04,metus,1:49 AM
41,2/4/2017,81.67,49.02,at,12:49 PM
42,1/17/2017,40.13,36.16,nam,7:25 PM
43,5/14/2017,52.77,31.47,justo,3:29 AM
44,3/7/2017,76.53,57.9,erat,11:38 PM
45,7/21/2017,86.43,86.85,erat,9:03 PM
46,2/16/2017,13.45,42.66,in,4:43 PM
47,3/23/2017,72.64,81.91,sed,10:59 PM
48,10/18/2016,54.22,82.49,molestie,12:33 AM
49,8/4/2017,38.87,31.36,pretium,12:32 PM
50,5/21/2017,20.61,72.02,imperdiet,5:20 AM
51,10/17/2016,63.01,40.45,quam,12:24 AM
52,2/17/2017,66.47,84.87,eget,7:21 PM
53,2/24/2017,83.46,90.57,donec,11:30 AM
54,8/8/2017,69.67,3.51,vivamus,9:52 AM
55,7/4/2017,6.73,1.49,lacinia,4:40 AM
56,11/27/2016,58.13,15.6,odio,5:57 PM
57,8/29/2017,40.0,17.22,orci,10:35 PM
58,12/1/2016,38.76,24.93,sapien,9:02 AM
59,7/17/2017,96.71,80.43,eu,4:10 PM
60,2/8/2017,22.97,3.07,velit,3:14 AM
61,3/31/2017,29.23,49.97,vel,6:57 AM
62,1/26/2017,68.27,71.14,lectus,4:28 PM
63,1/26/2017,51.7,76.04,a,10:39 PM
64,3/16/2017,68.49,48.68,eget,9:27 PM
65,6/18/2017,76.57,31.72,eu,10:17 AM
66,5/1/2017,77.79,3.04,nec,3:14 PM
67,6/1/2017,91.59,79.78,eros,6:56 PM
68,11/28/2016,93.57,57.08,tempus,7:42 AM
69,3/27/2017,92.41,44.87,donec,8:26 AM
70,2/22/2017,94.7,79.79,accumsan,6:59 AM
71,7/24/2017,82.58,67.65,vitae,9:25 AM
72,2/18/2017,18.2,29.52,rutrum,6:28 PM
73,10/3/2016,21.44,47.05,phasellus,4:22 AM
74,4/27/2017,16.64,42.27,nisi,7:59 PM
75,3/26/2017,52.34,69.3,est,10:03 PM
76,4/3/2017,80.43,98.24,rutrum,2:40 PM
77,7/3/2017,27.78,24.1,tincidunt,8:59 AM
78,11/25/2016,97.73,16.21,felis,5:27 AM
79,5/13/2017,85.89,4.75,elementum,9:53 AM
80,8/21/2017,66.44,97.15,lorem,1:57 AM
81,2/24/2017,47.71,21.79,blandit,5:27 AM
82,5/10/2017,32.26,67.61,eget,5:43 PM
83,6/4/2017,14.31,5.28,rhoncus,5:56 AM
84,11/18/2016,72.34,65.5,nunc,10:34 PM
85,12/11/2016,81.93,68.15,augue,10:06 PM
86,3/3/2017,71.3,87.04,volutpat,6:00 AM
87,12/3/2016,39.0,61.3,quisque,6:07 AM
88,7/23/2017,91.53,6.69,rhoncus,11:26 PM
89,9/12/2016,46.32,17.62,quisque,6:45 PM
90,6/22/2017,27.05,77.27,fusce,7:13 AM
91,1/11/2017,42.46,94.35,tempus,10:31 AM
92,2/20/2017,40.49,13.87,vestibulum,5:57 PM
93,10/21/2016,71.69,63.77,amet,1:26 PM
94,9/11/2016,56.58,16.95,in,11:47 PM
95,7/10/2017,32.03,5.63,volutpat,11:02 AM
96,2/28/2017,71.68,78.11,ultrices,5:56 PM
97,11/21/2016,81.79,93.76,blandit,12:29 PM
98,2/26/2017,90.51,61.16,cubilia,8:27 PM
99,1/9/2017,5.16,35.88,varius,4:13 AM
100,10/26/2016,26.93,51.05,lorem,1:45 AM
101,4/14/2017,80.85,63.53,donec,10:47 AM
102,6/23/2017,38.56,7.68,leo,3:13 AM
103,12/17/2016,21.34,58.83,suspendisse,9:55 AM
104,4/1/2017,34.54,14.25,sodales,4:45 AM
105,2/23/2017,57.93,5.5,eget,4:26 AM
106,3/28/2017,29.89,38.65,tincidunt,11:01 PM
107,11/29/2016,49.73,41.95,ut,12:59 AM
108,11/4/2016,8.01,22.87,dui,9:03 PM
109,1/18/2017,18.71,62.29,nec,10:37 PM
110,2/8/2017,29.52,13.03,donec,12:05 AM
111,1/13/2017,19.0,63.76,ullamcorper,2:33 AM
112,5/18/2017,87.11,6.33,orci,2:24 PM
113,3/24/2017,73.02,96.52,felis,12:13 PM
114,1/19/2017,89.44,77.33,eu,12:48 PM
115,8/11/2017,91.81,71.85,mauris,4:43 PM
116,1/7/2017,13.55,93.82,pede,5:53 AM
117,11/28/2016,72.38,41.19,pulvinar,10:36 AM
118,9/26/2016,5.23,6.43,ultrices,8:32 AM
119,5/6/2017,39.74,76.68,nunc,8:20 PM
120,7/6/2017,35.05,98.82,massa,1:45 AM
121,9/28/2016,33.7,31.82,in,10:18 AM
122,5/28/2017,68.27,99.84,fusce,5:04 AM
123,4/1/2017,97.2,65.24,ac,6:25 PM
124,4/16/2017,41.98,61.08,eget,1:37 PM
125,5/20/2017,73.87,54.63,lacus,7:05 AM
126,7/5/2017,77.13,90.68,ipsum,12:35 AM
127,12/10/2016,62.04,52.56,rhoncus,4:26 AM
128,12/7/2016,38.39,39.57,ut,10:07 PM
129,9/10/2016,38.58,99.13,dui,12:19 AM
130,10/6/2016,80.25,79.66,felis,10:00 AM
131,2/20/2017,78.88,33.81,luctus,1:17 PM
132,4/9/2017,21.2,36.35,maecenas,4:42 PM
133,12/14/2016,99.82,46.48,pede,1:16 AM
134,6/15/2017,6.63,4.02,turpis,10:24 PM
135,11/12/2016,18.87,40.46,blandit,5:05 AM
136,4/13/2017,40.93,18.61,in,6:54 PM
137,10/9/2016,36.33,92.45,integer,5:36 AM
138,11/26/2016,49.51,65.88,tristique,9:38 AM
139,8/31/2017,71.96,18.82,quam,9:36 PM
140,3/31/2017,19.42,25.24,sed,6:56 PM
141,3/21/2017,85.39,20.3,rhoncus,1:31 AM
142,4/20/2017,36.69,37.41,congue,2:59 PM
143,12/6/2016,99.2,57.06,magna,1:37 PM
144,8/8/2017,99.46,12.58,ut,1:26 AM
145,11/22/2016,66.24,9.63,natoque,2:49 AM
146,11/28/2016,78.39,89.37,sed,3:03 AM
147,3/1/2017,35.21,42.93,sit,11:45 AM
148,9/27/2016,98.84,83.54,eget,12:49 AM
149,8/27/2017,23.19,81.69,integer,2:58 AM
150,1/6/2017,14.72,92.39,curae,8:55 AM
151,5/17/2017,12.73,29.26,neque,7:39 AM
152,11/29/2016,32.52,41.78,libero,8:33 PM
153,8/2/2017,49.45,13.91,nunc,1:07 PM
154,2/16/2017,78.81,51.13,lobortis,6:02 PM
155,2/10/2017,79.66,58.05,in,1:07 AM
156,12/17/2016,26.09,1.87,sapien,2:57 PM
157,8/19/2017,64.19,85.22,diam,1:26 AM
158,7/27/2017,97.35,4.23,porttitor,6:01 PM
159,5/19/2017,82.87,96.44,fusce,5:41 AM
160,6/12/2017,11.2,65.26,vel,6:10 PM
161,3/23/2017,44.07,18.95,turpis,6:46 AM
162,6/26/2017,90.51,74.91,id,6:57 AM
163,3/5/2017,30.66,8.56,pretium,9:05 PM
164,1/5/2017,57.12,80.77,consequat,3:59 AM
165,7/20/2017,36.02,70.77,nulla,11:01 AM
166,11/20/2016,87.49,44.86,placerat,3:27 PM
167,2/4/2017,36.52,52.73,proin,2:59 AM
168,9/8/2016,52.03,17.2,aliquam,1:50 PM
169,8/20/2017,15.73,78.12,aliquam,5:12 AM
170,11/13/2016,54.78,34.88,lorem,2:53 AM
171,4/27/2017,22.8,50.78,in,3:17 PM
172,10/5/2016,86.34,21.11,tincidunt,7:00 AM
173,2/26/2017,13.03,58.56,dui,4:22 PM
174,8/16/2017,42.02,37.07,nisl,2:55 AM
175,7/15/2017,50.7,43.2,rhoncus,8:29 PM
176,3/1/2017,58.53,53.1,lectus,8:45 PM
177,8/2/2017,83.1,18.48,iaculis,2:03 AM
178,9/21/2016,79.66,73.42,pede,11:43 AM
179,4/30/2017,10.31,95.08,id,5:50 AM
180,5/28/2017,28.38,18.53,accumsan,2:20 AM
181,1/15/2017,29.19,23.38,dis,10:37 PM
182,6/1/2017,22.02,39.21,mus,1:36 AM
183,4/22/2017,41.06,21.71,dolor,10:22 PM
184,7/22/2017,66.58,96.84,faucibus,10:34 PM
185,5/12/2017,93.41,84.75,parturient,9:49 PM
186,8/12/2017,42.85,36.63,lectus,3:42 PM
187,4/10/2017,16.41,93.97,lorem,5:08 PM
188,7/16/2017,18.14,17.08,lacinia,10:07 AM
189,3/21/2017,8.54,62.78,elementum,2:17 AM
190,6/26/2017,50.62,95.64,eros,12:47 PM
191,9/1/2017,77.39,20.42,luctus,5:35 AM
192,12/21/2016,35.41,13.78,eu,2:12 AM
193,10/15/2016,95.26,3.39,consectetuer,6:04 PM
194,5/1/2017,59.42,13.38,tristique,6:27 AM
195,3/14/2017,58.93,31.27,vulputate,5:19 PM
196,1/15/2017,51.4,78.59,in,2:22 PM
197,3/22/2017,77.3,17.75,pellentesque,1:27 PM
198,12/8/2016,42.3,4.12,lorem,11:58 PM
199,4/8/2017,72.98,2.98,lorem,7:23 AM
200,5/3/2017,70.53,87.85,ante,12:39 PM
201,8/23/2017,98.94,99.27,metus,10:56 AM
202,12/3/2016,65.49,72.53,vivamus,7:41 AM
203,1/20/2017,23.65,41.45,eget,11:23 AM
204,9/26/2016,3.15,38.66,curabitur,8:46 AM
205,5/27/2017,92.69,35.01,risus,1:18 PM
206,7/14/2017,14.61,73.39,gravida,5:07 PM
207,9/27/2016,34.13,6.12,neque,9:25 AM
208,8/29/2017,35.25,11.75,sapien,10:31 PM
209,3/17/2017,99.67,22.51,proin,5:13 AM
210,10/1/2016,14.18,67.13,enim,12:08 AM
211,10/29/2016,70.36,79.47,consequat,4:03 AM
212,12/12/2016,50.95,47.0,rhoncus,2:21 AM
213,5/30/2017,48.69,19.03,justo,6:16 AM
214,2/12/2017,12.36,19.52,at,12:18 AM
215,3/1/2017,84.45,73.12,ante,6:44 AM
216,11/21/2016,78.68,56.0,erat,9:27 PM
217,11/5/2016,56.46,88.39,amet,3:07 PM
218,5/1/2017,42.37,27.87,sit,7:06 AM
219,1/11/2017,14.91,55.94,faucibus,10:31 PM
220,7/4/2017,76.51,11.48,nunc,10:45 AM
221,8/20/2017,51.25,64.35,vivamus,7:46 AM
222,3/4/2017,17.67,84.44,gravida,1:33 AM
223,5/12/2017,57.11,9.8,natoque,9:52 AM
224,7/2/2017,41.91,84.32,pellentesque,11:31 PM
225,6/10/2017,77.25,40.68,vestibulum,7:07 AM
226,4/23/2017,36.48,28.15,adipiscing,6:12 PM
227,11/13/2016,11.29,49.04,hac,6:16 PM
228,7/13/2017,81.21,26.11,ut,9:00 AM
229,4/15/2017,74.99,53.98,vitae,7:25 AM
230,4/19/2017,77.29,36.12,cras,9:58 PM
231,3/5/2017,15.92,19.13,bibendum,11:54 AM
232,12/9/2016,43.99,31.54,morbi,9:10 PM
233,3/27/2017,13.13,32.56,mattis,11:07 AM
234,7/14/2017,29.0,25.98,vulputate,10:29 PM
235,10/16/2016,39.95,45.54,rhoncus,5:32 PM
236,7/3/2017,78.24,26.67,bibendum,2:25 PM
237,6/10/2017,18.1,28.77,ut,1:57 PM
238,7/21/2017,92.01,54.87,in,4:12 AM
239,10/10/2016,46.52,90.97,integer,10:00 AM
240,12/27/2016,32.74,25.76,gravida,6:59 AM
241,7/31/2017,43.49,1.98,convallis,6:39 AM
242,12/22/2016,42.79,45.95,ac,8:33 PM
243,1/28/2017,77.74,35.44,eget,9:32 PM
244,5/3/2017,42.92,51.73,porttitor,2:25 PM
245,11/2/2016,27.61,11.89,velit,3:11 PM
246,3/6/2017,67.77,86.99,quis,9:21 AM
247,8/1/2017,52.35,66.77,id,10:18 PM
248,11/25/2016,88.64,78.6,erat,9:28 PM
249,6/5/2017,14.54,62.32,morbi,7:36 PM
250,8/7/2017,68.93,4.99,nullam,9:44 AM
251,7/25/2017,85.11,34.04,maecenas,6:41 AM
252,10/6/2016,10.77,89.94,ipsum,12:28 PM
253,6/14/2017,50.58,83.76,odio,7:14 AM
254,3/20/2017,97.72,11.23,aliquet,10:18 PM
255,8/14/2017,77.35,62.82,nisi,12:56 AM
256,11/28/2016,15.64,67.34,amet,3:37 AM
257,3/12/2017,41.75,74.44,dui,7:51 AM
258,12/20/2016,69.45,75.35,erat,10:37 PM
259,11/2/2016,95.02,43.66,in,11:19 AM
260,2/17/2017,75.5,59.97,blandit,1:46 AM
261,5/1/2017,86.18,8.81,praesent,6:51 AM
262,1/8/2017,47.39,7.79,vulputate,12:09 AM
263,11/14/2016,98.66,44.0,fermentum,11:52 PM
264,2/6/2017,5.74,20.38,faucibus,7:40 PM
265,12/12/2016,66.31,11.55,ultrices,2:58 PM
266,4/3/2017,26.13,13.49,lobortis,2:33 AM
267,9/19/2016,7.23,37.16,nulla,6:18 PM
268,4/23/2017,31.39,44.36,pede,12:21 AM
269,8/26/2017,59.04,39.69,at,9:19 PM
270,11/7/2016,22.62,59.45,sem,6:23 PM
271,4/25/2017,29.06,84.26,pellentesque,7:46 PM
272,2/14/2017,8.56,86.7,commodo,7:16 AM
273,7/3/2017,90.72,70.55,amet,3:47 PM
274,6/10/2017,77.09,88.5,elementum,11:02 AM
275,3/17/2017,25.45,28.33,proin,8:57 AM
276,10/16/2016,71.94,9.07,eu,5:02 PM
277,3/6/2017,23.55,16.49,nisl,6:51 PM
278,2/7/2017,46.07,74.52,justo,4:18 PM
279,6/15/2017,28.52,76.16,pede,6:12 PM
280,11/23/2016,22.51,17.8,pede,5:07 PM
281,12/13/2016,41.71,75.96,semper,11:50 AM
282,1/25/2017,72.62,25.27,integer,12:26 PM
283,12/12/2016,79.29,46.67,ultricies,12:31 PM
284,2/27/2017,42.81,97.35,mauris,2:50 PM
285,6/27/2017,61.6,4.87,sodales,9:59 AM
286,5/21/2017,30.87,12.0,elementum,1:47 PM
287,8/8/2017,35.73,92.03,vulputate,4:41 AM
288,11/22/2016,5.58,63.17,dolor,2:04 AM
289,11/16/2016,78.2,27.9,hendrerit,6:16 PM
290,7/14/2017,90.04,26.18,eget,6:57 AM
291,10/11/2016,2.0,56.38,ligula,12:32 PM
292,11/9/2016,61.98,89.49,in,1:27 PM
293,11/15/2016,79.02,93.8,et,9:53 AM
294,8/7/2017,43.03,48.85,varius,7:23 AM
295,8/30/2017,22.82,97.86,turpis,11:17 PM
296,11/5/2016,5.95,99.99,id,5:50 PM
297,1/2/2017,5.64,22.74,leo,1:21 PM
298,3/27/2017,92.48,32.36,nam,7:27 PM
299,6/13/2017,96.2,83.52,sed,6:56 AM
300,9/4/2017,13.7,66.72,sociis,2:28 AM
301,12/9/2016,48.58,9.57,quis,3:36 AM
302,9/15/2016,27.18,50.1,mattis,4:20 AM
303,4/24/2017,98.96,41.45,accumsan,12:04 PM
304,5/13/2017,73.03,6.96,vestibulum,11:04 PM
305,6/5/2017,1.57,5.18,ultrices,12:16 AM
306,9/3/2017,20.77,29.82,lacus,1:23 AM
307,4/30/2017,80.14,65.53,justo,3:58 AM
308,12/17/2016,73.21,29.58,velit,11:23 AM
309,7/15/2017,3.85,23.44,nec,2:25 AM
310,2/3/2017,33.14,93.84,ultrices,9:59 AM
311,2/4/2017,90.58,38.11,nec,1:16 PM
312,11/21/2016,48.57,49.7,donec,8:18 AM
313,6/7/2017,75.77,70.55,nam,5:08 PM
314,12/20/2016,15.91,1.73,et,10:01 AM
315,1/13/2017,41.27,78.45,primis,12:25 AM
316,1/2/2017,62.0,26.84,ut,8:44 AM
317,8/3/2017,27.22,4.12,lorem,9:37 AM
318,12/17/2016,56.48,13.51,erat,6:04 PM
319,10/10/2016,38.41,21.34,iaculis,1:13 AM
320,4/23/2017,38.28,96.68,orci,2:50 AM
321,7/25/2017,17.56,72.59,scelerisque,10:04 PM
322,12/30/2016,48.62,43.37,lectus,7:50 PM
323,1/21/2017,18.13,22.52,aliquet,3:51 PM
324,11/2/2016,75.76,15.24,tempus,6:38 AM
325,4/11/2017,10.45,10.38,donec,2:51 AM
326,7/17/2017,29.89,79.14,integer,2:52 PM
327,6/20/2017,39.15,14.16,vel,4:24 AM
328,5/24/2017,54.6,68.0,eget,2:16 AM
329,10/26/2016,66.33,51.59,rhoncus,8:40 AM
330,6/19/2017,41.18,61.48,ut,1:01 AM
331,9/21/2016,46.27,14.56,donec,3:10 AM
332,12/12/2016,30.24,85.76,nam,6:29 AM
333,6/12/2017,1.94,37.88,non,7:24 AM
334,3/6/2017,97.72,58.53,velit,4:16 AM
335,11/2/2016,41.08,68.41,enim,1:30 PM
336,1/24/2017,72.29,8.33,risus,7:40 AM
337,10/26/2016,6.84,94.37,habitasse,7:07 PM
338,5/18/2017,37.78,18.0,eget,3:56 AM
339,10/19/2016,50.17,31.36,dictumst,9:35 AM
340,2/26/2017,25.79,87.76,suscipit,8:42 PM
341,4/27/2017,10.97,39.76,porttitor,1:01 PM
342,1/24/2017,13.88,38.34,sollicitudin,6:47 PM
343,10/8/2016,34.11,91.1,sem,12:20 PM
344,3/22/2017,93.98,35.97,tempus,7:12 PM
345,10/23/2016,34.33,52.12,in,9:47 PM
346,10/24/2016,87.24,18.24,leo,12:26 PM
347,10/6/2016,77.58,84.01,nisl,4:56 AM
348,10/21/2016,93.24,50.18,faucibus,5:30 PM
349,7/8/2017,3.05,15.61,sed,9:04 AM
350,1/28/2017,30.87,4.35,lacinia,12:46 PM
351,12/3/2016,73.04,66.68,dis,8:18 AM
352,11/8/2016,99.31,1.73,vehicula,2:04 AM
353,3/18/2017,4.92,40.59,est,8:47 PM
354,4/17/2017,76.3,46.09,duis,9:44 AM
355,8/8/2017,81.89,17.35,amet,5:55 AM
356,5/6/2017,50.67,69.24,nisl,12:57 PM
357,12/28/2016,60.77,59.49,ante,12:43 PM
358,5/19/2017,53.12,77.34,dapibus,7:37 PM
359,12/11/2016,92.76,61.92,fusce,12:19 PM
360,2/9/2017,41.26,78.52,vivamus,5:20 PM
361,9/1/2017,78.82,42.1,at,11:44 PM
362,6/6/2017,21.75,9.84,nulla,5:04 AM
363,3/18/2017,40.29,10.04,morbi,12:22 PM
364,4/6/2017,39.59,60.14,phasellus,7:22 PM
365,11/6/2016,13.85,35.44,vivamus,10:36 AM
366,8/6/2017,94.78,49.5,proin,8:03 AM
367,7/24/2017,66.91,46.8,interdum,7:36 AM
368,5/29/2017,23.68,11.74,morbi,5:38 AM
369,8/15/2017,8.62,74.85,mi,4:35 AM
370,12/22/2016,7.68,69.77,donec,8:47 PM
371,8/24/2017,6.0,76.48,tortor,12:39 PM
372,6/29/2017,73.0,46.91,fusce,2:56 PM
373,3/11/2017,52.02,68.77,posuere,6:38 PM
374,7/3/2017,54.0,90.73,natoque,5:23 PM
375,2/28/2017,69.18,34.14,in,9:40 AM
376,7/9/2017,80.63,3.11,non,8:01 AM
377,4/24/2017,82.32,69.26,massa,6:46 AM
378,6/28/2017,76.8,59.41,eu,3:09 PM
379,12/13/2016,1.96,46.37,eget,7:27 PM
380,4/9/2017,74.27,40.78,nam,6:52 AM
381,8/16/2017,77.3,36.88,non,5:53 AM
382,1/6/2017,22.54,96.99,risus,1:31 PM
383,9/9/2016,37.56,25.59,orci,11:45 AM
384,1/12/2017,18.36,12.66,vestibulum,5:23 AM
385,5/4/2017,76.61,76.29,fringilla,8:39 AM
386,9/15/2016,23.35,62.02,in,2:32 AM
387,8/23/2017,42.3,15.97,blandit,8:11 AM
388,7/8/2017,93.4,65.83,at,7:53 AM
389,1/21/2017,21.07,55.51,odio,3:57 PM
390,4/1/2017,97.29,6.29,nunc,6:08 AM
391,7/10/2017,2.51,58.99,morbi,9:04 AM
392,9/11/2016,2.77,92.87,libero,3:28 AM
393,5/26/2017,19.82,18.24,ultrices,5:02 AM
394,9/7/2016,62.11,66.7,metus,6:01 AM
395,7/18/2017,72.91,13.36,amet,5:26 PM
396,4/17/2017,38.97,19.89,quis,5:50 PM
397,11/21/2016,67.26,4.46,pharetra,1:27 PM
398,8/10/2017,76.82,3.79,est,5:15 AM
399,3/13/2017,8.97,97.13,ut,10:44 PM
400,7/9/2017,55.68,45.0,ut,11:42 PM
401,1/2/2017,32.05,1.35,ullamcorper,9:18 AM
402,8/14/2017,8.52,58.34,vestibulum,12:12 AM
403,4/29/2017,11.98,82.91,nisl,3:19 PM
404,9/9/2016,58.61,35.37,eleifend,1:17 PM
405,4/27/2017,88.16,5.73,bibendum,8:23 AM
406,5/22/2017,44.71,35.75,non,2:39 PM
407,8/3/2017,94.31,95.25,sed,10:59 PM
408,4/1/2017,51.69,87.39,suscipit,9:50 AM
409,10/30/2016,11.22,96.71,id,3:16 AM
410,4/25/2017,27.94,26.35,erat,2:35 PM
411,9/22/2016,3.13,21.34,sit,5:17 PM
412,9/12/2016,88.06,27.06,nullam,9:05 AM
413,3/5/2017,30.11,74.26,vivamus,2:52 PM
414,9/19/2016,29.22,28.97,luctus,11:43 PM
415,7/31/2017,86.33,94.23,sollicitudin,9:02 AM
416,8/24/2017,87.72,93.04,lorem,11:11 AM
417,4/1/2017,96.88,45.48,arcu,10:33 PM
418,8/1/2017,35.03,96.36,nulla,2:29 PM
419,11/14/2016,85.64,72.22,erat,11:31 PM
420,12/8/2016,50.56,85.87,ante,6:35 AM
421,10/26/2016,91.28,52.09,consequat,9:21 AM
422,10/31/2016,22.15,47.66,at,2:56 PM
423,9/22/2016,81.98,55.37,nec,12:34 PM
424,8/31/2017,15.18,17.38,etiam,5:08 PM
425,4/18/2017,35.35,76.01,lobortis,8:40 AM
426,4/17/2017,90.43,49.94,mi,8:47 PM
427,9/29/2016,93.78,93.38,congue,6:46 PM
428,8/14/2017,26.63,91.87,id,5:57 PM
429,6/22/2017,99.85,62.36,pellentesque,1:30 PM
430,11/9/2016,9.04,72.59,maecenas,10:54 AM
431,12/12/2016,49.72,99.53,sociis,6:04 AM
432,3/1/2017,42.14,20.95,ligula,6:17 AM
433,11/2/2016,42.66,8.86,integer,3:56 AM
434,5/31/2017,18.25,42.55,arcu,1:38 AM
435,1/30/2017,92.21,30.27,fermentum,12:51 PM
436,6/11/2017,99.61,8.99,ultrices,3:42 AM
437,7/15/2017,25.39,17.08,lacinia,12:17 PM
438,3/8/2017,75.17,76.19,sapien,4:27 PM
439,1/13/2017,72.49,31.79,convallis,4:54 AM
440,1/30/2017,12.3,87.18,cras,3:37 AM
441,5/10/2017,89.94,26.08,nibh,2:17 AM
442,10/16/2016,91.85,95.51,vel,5:39 AM
443,11/12/2016,55.8,27.09,erat,7:56 PM
444,4/27/2017,25.32,16.99,lorem,11:06 AM
445,7/18/2017,99.4,13.07,ridiculus,7:47 AM
446,10/1/2016,10.0,42.64,sit,6:19 AM
447,2/24/2017,54.71,21.3,iaculis,11:54 PM
448,11/5/2016,15.59,76.65,amet,6:34 AM
449,1/14/2017,47.02,99.96,donec,12:14 PM
450,8/7/2017,5.62,55.52,nulla,7:30 AM
451,4/29/2017,48.82,32.17,porttitor,7:49 AM
452,6/3/2017,31.82,4.6,primis,6:53 AM
453,9/2/2017,38.68,50.64,placerat,11:23 PM
454,2/5/2017,73.37,39.29,aliquet,3:50 PM
455,9/28/2016,95.38,88.62,vestibulum,9:23 AM
456,4/26/2017,81.09,34.78,dui,8:55 PM
457,7/12/2017,93.89,30.99,in,5:17 AM
458,7/27/2017,67.55,80.05,aliquet,6:35 AM
459,7/15/2017,54.96,54.24,odio,10:40 AM
460,7/5/2017,35.02,66.37,libero,8:25 PM
461,8/7/2017,71.06,83.21,interdum,11:16 PM
462,11/4/2016,47.57,75.84,ornare,6:40 PM
463,6/25/2017,82.61,18.03,pede,3:22 PM
464,12/21/2016,51.27,6.48,velit,7:06 PM
465,7/16/2017,2.53,89.86,phasellus,8:24 AM
466,3/1/2017,18.34,43.48,dapibus,1:21 AM
467,12/21/2016,60.4,22.97,feugiat,2:47 PM
468,9/15/2016,55.24,10.16,tortor,12:59 PM
469,4/10/2017,27.59,83.27,id,2:23 PM
470,10/5/2016,94.13,59.19,ac,1:59 PM
471,9/18/2016,9.82,15.83,molestie,5:21 PM
472,1/17/2017,34.08,67.73,diam,2:41 PM
473,11/9/2016,43.29,32.28,consequat,9:34 PM
474,12/18/2016,66.3,8.49,velit,11:56 PM
475,2/18/2017,78.95,28.43,quisque,5:21 AM
476,4/16/2017,41.52,72.78,ipsum,4:10 AM
477,1/12/2017,23.98,4.86,quam,12:55 AM
478,4/15/2017,59.1,23.55,sed,12:15 PM
479,12/22/2016,61.55,59.12,nascetur,10:27 AM
480,10/9/2016,43.7,84.46,enim,2:21 AM
481,5/15/2017,62.02,38.11,convallis,5:43 PM
482,11/28/2016,83.25,12.32,turpis,10:20 AM
483,1/19/2017,96.15,31.71,aliquet,11:22 AM
484,3/28/2017,22.64,32.46,libero,6:56 AM
485,1/31/2017,77.5,52.86,eu,1:05 PM
486,6/30/2017,32.14,8.66,etiam,1:46 PM
487,3/20/2017,91.29,76.25,erat,6:54 AM
488,5/20/2017,19.96,78.45,eleifend,10:11 AM
489,4/9/2017,40.66,5.97,morbi,9:40 AM
490,1/14/2017,21.33,27.67,at,1:36 AM
491,7/16/2017,9.13,41.2,sit,9:45 AM
492,9/19/2016,94.02,65.23,lectus,10:11 AM
493,8/4/2017,36.26,65.01,quisque,3:10 AM
494,10/1/2016,72.53,64.5,nibh,2:16 PM
495,5/9/2017,40.09,42.41,in,4:33 PM
496,7/19/2017,73.42,33.06,interdum,1:13 AM
497,9/12/2016,81.59,55.82,nulla,5:20 AM
498,5/22/2017,91.59,27.6,nunc,9:42 PM
499,1/27/2017,11.03,24.42,vel,11:23 PM
500,9/21/2016,27.62,43.63,ligula,2:50 AM
501,3/21/2017,58.18,81.49,vulputate,12:06 AM
502,6/1/2017,8.41,90.1,magna,8:04 AM
503,11/1/2016,26.92,26.32,quam,6:39 PM
504,1/24/2017,59.27,20.74,dolor,2:42 PM
505,9/1/2017,2.84,17.9,pulvinar,9:26 AM
506,12/22/2016,83.83,78.78,consequat,5:47 PM
507,6/1/2017,38.86,63.38,integer,5:24 PM
508,6/13/2017,10.71,59.85,curabitur,10:35 AM
509,11/29/2016,78.53,86.14,sit,10:35 AM
510,10/30/2016,21.43,28.76,turpis,11:36 PM
511,2/12/2017,26.07,29.73,odio,1:36 AM
512,12/4/2016,93.47,5.08,rhoncus,11:25 PM
513,10/4/2016,39.83,36.22,lorem,10:11 AM
514,2/23/2017,80.76,91.17,malesuada,4:14 PM
515,6/19/2017,25.05,30.21,fusce,9:34 PM
516,3/2/2017,41.9,88.42,integer,3:13 AM
517,10/4/2016,95.22,63.32,tellus,1:09 AM
518,3/5/2017,88.63,52.31,quisque,9:30 PM
519,7/23/2017,22.9,6.61,dis,10:36 AM
520,11/28/2016,45.39,15.41,bibendum,7:11 AM
521,1/18/2017,22.14,71.71,posuere,7:48 AM
522,2/1/2017,16.27,31.22,rutrum,8:13 AM
523,7/17/2017,65.68,20.56,blandit,7:36 AM
524,2/15/2017,47.13,75.42,pretium,1:33 PM
525,10/7/2016,9.65,70.67,vehicula,11:54 PM
526,1/25/2017,88.83,60.95,eget,10:28 PM
527,1/15/2017,2.37,5.59,volutpat,7:41 PM
528,5/14/2017,7.62,80.55,massa,10:15 PM
529,1/7/2017,64.46,44.59,ac,6:00 PM
530,5/14/2017,37.07,77.76,ante,3:09 PM
531,1/30/2017,92.86,82.85,pellentesque,9:04 AM
532,1/1/2017,64.64,73.32,ultrices,10:47 AM
533,9/22/2016,62.91,34.98,pede,7:58 PM
534,5/21/2017,60.31,60.53,eget,10:44 PM
535,9/9/2016,49.31,19.62,suscipit,5:38 AM
536,1/5/2017,1.84,92.24,tristique,9:09 AM
537,8/15/2017,50.55,18.02,gravida,2:10 PM
538,4/11/2017,98.28,4.53,nullam,12:08 AM
539,2/9/2017,48.26,38.01,iaculis,6:31 AM
540,1/25/2017,32.48,51.39,morbi,9:27 AM
541,3/19/2017,86.73,85.09,luctus,9:40 PM
542,5/4/2017,36.07,85.74,molestie,3:01 AM
543,12/22/2016,56.81,80.63,elit,4:46 AM
544,2/19/2017,91.65,86.93,quis,10:18 PM
545,6/18/2017,23.63,50.97,parturient,11:25 PM
546,11/9/2016,58.27,46.46,diam,8:42 PM
547,9/29/2016,96.78,69.26,consequat,3:09 AM
548,7/9/2017,2.03,28.62,elementum,8:56 PM
549,11/18/2016,37.41,17.8,ac,10:54 PM
550,2/6/2017,73.83,43.79,leo,10:13 PM
551,4/4/2017,77.49,59.32,mi,12:58 AM
552,4/6/2017,23.07,28.29,vulputate,10:46 PM
553,5/4/2017,32.69,1.3,amet,12:15 AM
554,10/22/2016,30.81,78.91,a,7:24 AM
555,7/12/2017,76.9,66.78,rutrum,11:07 AM
556,12/26/2016,82.64,36.17,nec,7:36 PM
557,9/20/2016,12.66,74.2,vivamus,9:14 PM
558,11/11/2016,94.12,81.19,hac,5:19 AM
559,12/22/2016,53.94,53.68,in,12:59 PM
560,2/3/2017,35.48,78.93,id,2:02 PM
561,12/8/2016,97.88,62.91,in,7:23 AM
562,2/7/2017,25.82,98.36,vulputate,6:16 PM
563,3/27/2017,49.38,18.69,ut,9:42 PM
564,7/7/2017,64.73,84.94,dis,5:44 AM
565,3/5/2017,19.23,2.36,mattis,10:23 PM
566,3/11/2017,39.96,55.5,vel,10:30 PM
567,1/20/2017,41.26,77.74,fermentum,7:18 PM
568,9/13/2016,40.57,48.96,erat,12:20 PM
569,3/13/2017,88.12,41.46,odio,7:04 AM
570,9/15/2016,26.7,39.24,metus,10:50 AM
571,6/11/2017,58.63,51.22,accumsan,3:32 AM
572,7/24/2017,80.53,8.3,tempus,5:56 PM
573,3/24/2017,76.01,99.05,nulla,8:13 AM
574,12/15/2016,60.21,87.84,libero,8:45 AM
575,9/7/2016,30.18,16.63,vel,7:45 PM
576,10/6/2016,96.98,85.51,pretium,4:59 PM
577,6/11/2017,57.93,40.83,ultrices,6:12 AM
578,2/6/2017,41.14,95.12,sapien,10:37 PM
579,10/16/2016,48.22,49.88,sagittis,12:33 AM
580,1/15/2017,8.44,85.97,platea,5:56 AM
581,9/3/2017,2.28,41.49,vel,1:38 PM
582,8/27/2017,89.54,21.76,risus,10:18 AM
583,3/17/2017,92.36,77.4,ridiculus,4:49 PM
584,3/12/2017,8.24,87.93,sit,4:16 AM
585,11/6/2016,77.89,50.39,tempor,5:06 AM
586,9/24/2016,16.52,58.94,nulla,1:12 AM
587,1/11/2017,81.1,94.25,ridiculus,6:35 PM
588,11/25/2016,3.35,52.11,pretium,4:40 AM
589,11/27/2016,9.36,24.44,lectus,3:37 PM
590,10/27/2016,15.87,12.61,orci,9:26 AM
591,6/22/2017,36.74,64.32,parturient,4:57 PM
592,7/28/2017,24.19,41.45,at,11:32 PM
593,2/28/2017,85.51,94.44,rhoncus,6:29 AM
594,6/24/2017,34.88,51.61,interdum,2:59 PM
595,3/15/2017,75.85,73.47,sit,3:23 AM
596,7/11/2017,14.17,41.72,lobortis,12:40 PM
597,9/29/2016,95.35,90.43,at,3:40 PM
598,8/31/2017,98.9,86.48,blandit,2:19 PM
599,1/25/2017,80.68,22.97,odio,11:16 AM
600,1/27/2017,37.69,59.44,libero,7:02 PM
601,11/13/2016,98.67,58.78,vestibulum,2:48 PM
602,9/20/2016,27.06,59.74,lorem,2:50 AM
603,11/4/2016,75.84,98.33,justo,12:18 PM
604,6/1/2017,76.88,75.56,nulla,1:43 PM
605,4/22/2017,63.59,31.58,dui,1:09 AM
606,3/1/2017,93.73,47.15,pede,8:19 PM
607,1/20/2017,64.92,49.94,duis,12:45 AM
608,12/7/2016,40.35,35.78,justo,7:24 PM
609,4/29/2017,53.76,99.2,ante,8:30 PM
610,1/28/2017,31.11,52.95,dui,1:08 PM
611,10/25/2016,24.7,50.17,tristique,11:27 AM
612,5/14/2017,44.21,70.1,vel,2:29 AM
613,3/25/2017,47.06,30.48,arcu,3:15 PM
614,4/7/2017,71.12,41.07,quam,7:06 AM
615,10/17/2016,52.77,3.51,erat,9:25 PM
616,1/3/2017,91.64,61.77,imperdiet,2:26 PM
617,6/1/2017,38.12,12.43,massa,9:10 AM
618,12/21/2016,39.12,67.17,ante,4:31 PM
619,5/1/2017,82.82,45.42,quis,5:49 PM
620,4/23/2017,48.81,3.72,nisl,1:21 PM
621,1/12/2017,95.36,29.8,adipiscing,5:26 AM
622,1/12/2017,25.41,35.87,pharetra,4:03 AM
623,5/22/2017,50.15,84.37,vivamus,12:16 PM
624,9/30/2016,2.27,70.46,non,10:19 AM
625,2/27/2017,60.29,70.45,mattis,1:58 AM
626,2/18/2017,8.12,3.47,vestibulum,7:21 AM
627,10/12/2016,8.56,42.02,erat,10:08 PM
628,6/8/2017,94.83,43.22,sed,8:44 AM
629,10/7/2016,58.26,32.96,rhoncus,6:20 PM
630,2/2/2017,91.77,80.58,aenean,4:39 PM
631,3/7/2017,38.14,56.28,sapien,3:23 AM
632,11/21/2016,72.52,79.79,condimentum,12:44 AM
633,7/10/2017,40.1,89.81,quis,6:59 AM
634,8/29/2017,18.23,69.22,curae,2:37 PM
635,10/18/2016,25.59,49.55,sit,9:37 PM
636,1/31/2017,98.12,21.72,ultrices,5:46 PM
637,1/24/2017,16.71,41.36,ante,6:00 AM
638,10/31/2016,26.79,52.47,libero,2:33 PM
639,5/6/2017,62.16,57.8,suspendisse,2:54 PM
640,10/13/2016,59.49,26.8,nunc,7:32 AM
641,7/9/2017,95.52,3.43,elementum,2:02 PM
642,8/1/2017,6.91,83.85,proin,7:21 AM
643,12/7/2016,16.11,62.7,lorem,11:22 PM
644,9/20/2016,19.66,83.64,pede,2:46 AM
645,3/25/2017,68.4,55.68,cras,2:12 PM
646,10/23/2016,43.57,78.44,curabitur,12:17 AM
647,3/15/2017,66.43,36.0,felis,8:19 AM
648,2/9/2017,76.37,16.84,ac,12:12 AM
649,10/12/2016,61.46,5.44,maecenas,4:37 PM
650,5/23/2017,4.8,43.94,curae,10:13 AM
651,9/17/2016,96.6,88.91,in,10:29 PM
652,5/17/2017,65.27,31.77,mi,10:35 PM
653,3/29/2017,59.59,43.99,amet,3:28 PM
654,10/17/2016,20.32,61.4,pretium,1:35 PM
655,3/20/2017,43.24,11.57,risus,3:42 PM
656,4/19/2017,71.32,31.46,felis,6:05 PM
657,11/25/2016,26.54,76.35,turpis,4:14 PM
658,11/2/2016,7.88,71.04,quam,5:00 PM
659,12/21/2016,58.41,24.23,non,11:29 PM
660,11/22/2016,87.68,43.28,at,11:35 AM
661,8/24/2017,66.49,24.16,duis,1:35 PM
662,11/10/2016,8.03,93.83,donec,12:47 AM
663,8/17/2017,50.56,4.5,sit,7:25 PM
664,4/6/2017,41.14,20.63,nulla,10:05 AM
665,7/1/2017,47.9,67.02,venenatis,7:32 PM
666,6/22/2017,1.16,92.28,eleifend,6:59 AM
667,1/26/2017,59.41,24.58,ut,5:03 AM
668,11/16/2016,49.42,82.86,lacinia,8:33 PM
669,10/18/2016,77.16,29.32,venenatis,4:47 AM
670,3/5/2017,49.59,55.01,et,2:57 PM
671,1/24/2017,84.98,20.86,quam,1:59 PM
672,12/6/2016,55.51,16.29,cubilia,2:05 PM
673,3/31/2017,27.55,4.05,scelerisque,5:16 AM
674,10/12/2016,64.38,23.38,pellentesque,7:29 PM
675,12/21/2016,28.64,4.38,duis,11:42 AM
676,3/10/2017,77.27,97.64,et,11:58 PM
677,4/28/2017,63.73,97.42,fusce,4:47 AM
678,1/2/2017,23.57,34.22,diam,9:32 AM
679,10/12/2016,23.62,48.4,quis,4:36 AM
680,6/15/2017,32.81,91.01,mi,3:22 PM
681,7/31/2017,24.85,66.82,velit,9:39 AM
682,11/30/2016,50.44,4.08,nisi,12:56 AM
683,3/15/2017,90.54,85.19,velit,11:01 AM
684,11/3/2016,54.55,30.5,eget,1:53 AM
685,8/31/2017,15.69,80.71,felis,2:03 AM
686,9/13/2016,12.1,96.11,quam,12:21 PM
687,5/7/2017,85.59,25.61,quis,5:23 AM
688,5/26/2017,84.33,9.51,felis,12:44 PM
689,8/10/2017,94.79,55.91,ut,11:46 PM
690,10/17/2016,1.43,12.62,in,8:22 AM
691,1/8/2017,88.67,46.7,lobortis,4:45 PM
692,1/25/2017,9.2,19.74,nam,4:09 PM
693,12/7/2016,54.78,33.85,odio,12:24 AM
694,5/5/2017,10.91,87.45,sem,11:21 AM
695,5/12/2017,35.91,19.91,ante,1:09 AM
696,7/31/2017,37.37,12.92,dapibus,9:16 PM
697,2/19/2017,1.59,96.6,augue,8:03 AM
698,9/27/2016,89.51,2.08,elementum,12:53 PM
699,6/28/2017,66.83,94.83,nulla,2:19 PM
700,5/5/2017,50.96,95.54,donec,9:11 PM
701,9/7/2016,40.6,19.84,a,3:02 AM
702,5/21/2017,23.85,37.75,eu,2:50 AM
703,5/8/2017,19.81,98.55,potenti,1:30 PM
704,6/30/2017,8.97,8.64,ipsum,9:13 PM
705,2/1/2017,44.9,61.35,auctor,1:57 PM
706,8/16/2017,96.06,80.12,dictumst,9:19 PM
707,5/30/2017,57.4,42.69,dui,12:58 PM
708,5/14/2017,31.13,17.47,ipsum,10:23 PM
709,12/14/2016,80.82,8.71,in,6:22 PM
710,11/23/2016,63.78,41.01,eu,12:34 AM
711,11/7/2016,73.23,8.22,duis,5:02 AM
712,6/2/2017,92.39,16.66,mattis,2:13 PM
713,5/17/2017,75.45,98.02,vulputate,11:44 AM
714,2/16/2017,20.64,6.89,sociis,12:02 AM
715,6/17/2017,47.47,94.87,cras,4:58 AM
716,10/27/2016,72.18,36.53,mauris,12:23 AM
717,1/14/2017,91.32,4.88,imperdiet,4:12 AM
718,5/4/2017,28.47,82.7,rhoncus,3:37 AM
719,4/25/2017,11.95,11.81,nulla,3:12 AM
720,7/11/2017,92.24,15.29,lectus,1:34 AM
721,12/28/2016,81.86,35.64,donec,7:40 AM
722,10/18/2016,16.39,74.04,nibh,2:59 PM
723,3/5/2017,15.2,30.71,duis,5:22 AM
724,8/26/2017,3.34,26.54,posuere,11:36 PM
725,1/30/2017,20.44,75.93,sapien,10:44 PM
726,4/14/2017,29.6,3.84,turpis,5:53 PM
727,7/29/2017,86.85,27.95,ipsum,8:44 AM
728,12/29/2016,50.45,56.33,maecenas,12:27 AM
729,4/16/2017,69.32,66.72,condimentum,5:34 AM
730,1/10/2017,60.26,87.75,at,10:50 PM
731,9/26/2016,62.34,36.93,vitae,2:02 PM
732,4/30/2017,14.82,67.78,nunc,7:35 AM
733,7/4/2017,19.08,31.82,quam,2:41 AM
734,1/23/2017,12.01,99.65,lacus,4:58 PM
735,9/15/2016,42.4,25.23,lorem,1:25 PM
736,9/23/2016,99.18,41.9,id,11:37 AM
737,1/11/2017,97.53,71.95,dui,1:15 PM
738,10/22/2016,97.43,12.03,erat,6:33 PM
739,5/16/2017,95.68,83.8,mattis,6:03 PM
740,2/7/2017,69.5,50.49,at,8:27 PM
741,3/25/2017,64.61,56.14,in,6:24 PM
742,12/20/2016,16.66,88.62,amet,10:14 PM
743,9/6/2016,27.58,17.37,curabitur,3:17 PM
744,11/27/2016,58.37,49.55,magna,4:20 PM
745,7/17/2017,82.57,71.65,lacus,10:44 PM
746,11/18/2016,72.9,32.98,iaculis,12:37 PM
747,11/21/2016,94.37,59.45,elit,5:08 AM
748,9/26/2016,66.81,15.79,aenean,2:34 PM
749,1/12/2017,62.07,86.83,nunc,6:02 AM
750,12/13/2016,26.41,62.35,nisl,6:01 AM
751,3/4/2017,73.87,21.04,augue,5:35 PM
752,12/22/2016,75.04,53.14,ornare,12:54 AM
753,5/14/2017,44.44,56.11,tellus,5:31 PM
754,6/24/2017,65.45,48.74,volutpat,12:52 PM
755,11/10/2016,62.71,1.36,vel,3:07 PM
756,10/11/2016,5.38,70.8,diam,7:14 PM
757,10/22/2016,84.66,82.92,ac,2:33 AM
758,5/25/2017,25.82,39.34,quis,9:44 AM
759,8/14/2017,4.82,17.14,posuere,2:03 PM
760,4/10/2017,15.51,71.29,vivamus,2:49 PM
761,9/1/2017,21.47,1.93,ut,10:51 PM
762,12/26/2016,26.3,84.12,in,8:58 PM
763,11/14/2016,37.59,70.3,convallis,4:40 PM
764,6/14/2017,17.75,54.46,morbi,11:53 AM
765,5/4/2017,6.34,2.44,cursus,4:35 PM
766,9/12/2016,93.46,79.51,curae,2:20 PM
767,12/3/2016,93.75,2.67,ultrices,10:23 AM
768,1/6/2017,4.72,39.59,lacinia,9:15 PM
769,8/18/2017,43.42,25.39,amet,7:22 PM
770,8/20/2017,25.53,56.71,erat,6:23 PM
771,7/20/2017,80.73,86.61,lacus,6:17 PM
772,9/6/2016,64.38,57.68,nulla,11:21 AM
773,5/29/2017,78.11,99.51,tempor,7:41 PM
774,3/16/2017,42.44,75.34,nec,8:55 AM
775,8/5/2017,23.08,72.88,in,7:15 AM
776,7/31/2017,73.53,26.04,a,1:09 AM
777,4/9/2017,88.19,92.08,massa,12:49 AM
778,5/4/2017,77.57,83.27,fermentum,9:53 PM
779,2/28/2017,65.75,82.27,elit,1:04 AM
780,8/21/2017,96.36,6.19,et,6:44 AM
781,12/16/2016,90.67,49.7,rutrum,3:39 PM
782,1/20/2017,64.93,40.23,amet,3:03 AM
783,6/26/2017,76.66,37.52,nunc,6:26 PM
784,7/24/2017,45.23,3.76,cum,11:16 AM
785,6/1/2017,25.33,86.25,nulla,1:42 AM
786,7/4/2017,64.27,93.97,ultrices,3:40 PM
787,9/14/2016,62.67,64.15,aliquet,3:46 PM
788,6/28/2017,21.78,46.85,eget,11:19 AM
789,5/7/2017,2.49,78.61,ante,2:33 AM
790,2/4/2017,95.85,78.66,et,10:08 AM
791,1/27/2017,60.43,79.46,consectetuer,3:31 AM
792,11/28/2016,39.5,42.54,nam,1:48 AM
793,7/13/2017,65.87,86.92,donec,4:36 AM
794,5/11/2017,36.04,23.42,iaculis,8:04 AM
795,5/15/2017,75.75,99.49,justo,2:44 AM
796,3/29/2017,75.97,94.48,quis,5:53 AM
797,10/3/2016,16.27,56.38,amet,8:12 AM
798,1/5/2017,98.34,34.96,arcu,11:44 PM
799,7/14/2017,83.96,3.01,suscipit,9:36 PM
800,3/8/2017,45.68,19.97,diam,1:04 AM
801,1/2/2017,18.59,51.77,semper,3:36 AM
802,4/6/2017,38.73,5.69,molestie,6:47 AM
803,1/10/2017,89.18,74.16,metus,5:29 AM
804,4/26/2017,70.1,22.06,varius,3:59 AM
805,6/8/2017,59.94,71.6,curabitur,10:03 AM
806,1/7/2017,25.98,75.64,tincidunt,4:39 AM
807,2/12/2017,42.64,76.72,lacus,2:33 PM
808,5/24/2017,55.55,89.85,molestie,5:17 PM
809,8/17/2017,10.6,45.57,tristique,9:38 PM
810,7/9/2017,14.29,74.57,justo,2:50 PM
811,9/16/2016,9.46,81.62,id,3:00 PM
812,3/22/2017,48.28,42.95,vestibulum,10:24 PM
813,4/13/2017,81.29,62.39,lorem,6:18 PM
814,6/8/2017,37.99,94.07,nibh,5:20 AM
815,6/6/2017,91.85,13.81,cum,4:20 PM
816,3/31/2017,22.32,8.15,justo,6:39 AM
817,8/31/2017,36.74,40.69,platea,1:41 PM
818,4/6/2017,23.76,73.81,aenean,6:11 PM
819,1/29/2017,85.63,89.07,vivamus,1:53 AM
820,3/20/2017,7.63,28.64,est,5:43 PM
821,7/19/2017,45.89,27.24,scelerisque,3:49 PM
822,9/13/2016,75.65,52.04,nulla,10:11 PM
823,8/25/2017,61.87,45.72,eget,1:13 PM
824,7/22/2017,56.49,36.13,id,4:36 AM
825,6/9/2017,52.04,70.92,odio,5:49 AM
826,12/16/2016,36.87,18.62,odio,4:01 AM
827,9/8/2016,62.37,3.13,nibh,12:45 AM
828,8/20/2017,24.32,92.63,neque,6:50 PM
829,6/18/2017,72.06,17.54,ac,10:55 AM
830,12/22/2016,21.92,16.71,vel,4:32 PM
831,10/14/2016,44.58,14.13,justo,5:59 AM
832,12/13/2016,82.01,96.97,semper,7:07 AM
833,1/2/2017,99.17,98.16,a,6:48 PM
834,4/1/2017,39.59,1.18,ut,10:58 PM
835,1/8/2017,86.33,12.86,at,4:39 AM
836,2/23/2017,10.22,2.18,sit,10:40 AM
837,8/3/2017,39.81,15.61,nullam,6:12 AM
838,4/13/2017,20.24,17.45,maecenas,6:26 PM
839,3/1/2017,77.68,66.12,a,11:51 AM
840,6/6/2017,57.95,95.2,sit,2:07 PM
841,12/5/2016,2.18,27.7,massa,6:10 AM
842,5/17/2017,48.74,25.19,vel,3:52 PM
843,5/24/2017,2.48,73.4,vivamus,11:38 PM
844,6/29/2017,73.77,55.24,eu,9:48 PM
845,4/16/2017,92.67,15.74,nibh,2:53 AM
846,2/6/2017,18.89,31.49,nec,4:13 AM
847,8/13/2017,3.82,33.39,risus,8:25 AM
848,9/7/2016,87.9,40.3,mattis,3:10 AM
849,9/16/2016,14.23,64.36,donec,7:35 AM
850,4/30/2017,35.31,16.48,dapibus,10:35 PM
851,2/4/2017,95.39,91.81,eu,10:51 AM
852,8/1/2017,74.56,42.8,viverra,8:17 PM
853,6/7/2017,60.88,81.83,fusce,2:36 PM
854,11/28/2016,90.46,29.71,purus,8:09 AM
855,9/2/2017,32.1,84.81,parturient,12:16 PM
856,4/2/2017,82.57,1.11,cum,2:18 AM
857,8/27/2017,69.13,62.74,turpis,7:30 PM
858,5/3/2017,11.19,80.38,in,6:56 PM
859,3/13/2017,21.76,93.07,turpis,9:04 PM
860,5/1/2017,81.76,37.5,vulputate,10:56 AM
861,9/12/2016,10.99,99.59,praesent,10:30 AM
862,8/13/2017,53.42,4.09,justo,2:56 PM
863,1/31/2017,49.86,28.35,ut,8:18 PM
864,5/30/2017,58.07,21.5,ante,8:19 PM
865,10/11/2016,88.51,47.19,quis,7:27 PM
866,4/16/2017,80.31,90.6,augue,12:38 AM
867,12/17/2016,58.52,94.25,lorem,7:10 AM
868,9/11/2016,97.11,50.93,dolor,10:12 AM
869,4/3/2017,62.12,95.81,in,6:49 AM
870,10/19/2016,83.97,11.17,neque,7:27 PM
871,8/11/2017,11.75,3.84,in,1:01 AM
872,6/21/2017,40.96,42.74,nec,4:09 AM
873,7/24/2017,89.79,76.83,volutpat,2:44 PM
874,5/12/2017,20.77,29.25,mauris,3:26 AM
875,12/11/2016,9.95,17.4,ipsum,8:58 PM
876,1/19/2017,29.98,7.81,mauris,1:10 AM
877,6/13/2017,22.69,76.38,mauris,12:38 PM
878,10/17/2016,13.84,75.4,vel,6:08 AM
879,5/2/2017,84.82,95.3,lacinia,4:04 AM
880,8/22/2017,65.19,21.99,sollicitudin,5:23 PM
881,5/3/2017,60.63,35.54,in,7:13 PM
882,11/22/2016,5.81,10.89,in,9:15 AM
883,3/24/2017,1.95,53.98,pellentesque,10:13 AM
884,6/22/2017,26.55,11.91,suspendisse,4:11 PM
885,1/28/2017,17.16,29.71,natoque,5:52 PM
886,9/18/2016,98.85,37.59,mi,1:42 PM
887,3/6/2017,76.59,53.05,faucibus,12:50 PM
888,4/15/2017,78.72,95.49,sapien,1:38 PM
889,10/27/2016,58.59,15.81,volutpat,3:50 PM
890,10/10/2016,73.4,25.08,mattis,4:20 PM
891,10/20/2016,99.99,57.71,lorem,8:13 AM
892,2/28/2017,30.43,94.1,parturient,2:14 PM
893,4/16/2017,73.38,31.83,quisque,2:08 PM
894,5/23/2017,67.01,85.23,pretium,6:59 AM
895,9/28/2016,40.22,19.51,turpis,11:58 PM
896,5/10/2017,39.0,42.88,odio,6:20 AM
897,12/5/2016,21.3,2.21,ante,7:05 PM
898,3/29/2017,61.72,65.87,posuere,9:51 AM
899,2/15/2017,19.06,66.38,quam,3:08 PM
900,12/11/2016,64.76,81.89,interdum,7:21 AM
901,9/16/2016,95.53,82.93,cras,10:39 PM
902,7/3/2017,67.42,57.28,dolor,2:40 PM
903,8/29/2017,46.09,87.59,sollicitudin,9:59 AM
904,12/26/2016,65.5,8.6,nulla,1:28 AM
905,8/5/2017,93.79,24.47,nunc,7:12 AM
906,5/4/2017,32.27,71.64,magnis,7:20 AM
907,1/7/2017,56.82,8.89,amet,11:27 AM
908,10/16/2016,50.99,57.04,felis,12:00 AM
909,2/1/2017,93.83,28.87,magna,3:53 AM
910,3/15/2017,33.87,74.28,dapibus,9:50 PM
911,9/25/2016,87.17,11.01,tincidunt,11:06 PM
912,9/22/2016,57.79,92.7,nam,5:09 AM
913,8/9/2017,38.83,83.21,nonummy,4:36 AM
914,4/6/2017,47.55,69.38,habitasse,8:35 PM
915,7/19/2017,24.94,38.96,orci,4:21 AM
916,12/20/2016,27.42,13.14,erat,11:55 PM
917,1/12/2017,71.97,53.39,primis,8:28 PM
918,7/7/2017,49.61,86.52,a,12:49 AM
919,6/26/2017,70.75,15.96,donec,6:03 PM
920,3/2/2017,71.05,32.09,ut,2:37 AM
921,4/15/2017,54.19,54.65,pede,1:39 AM
922,3/22/2017,13.72,24.24,velit,3:00 AM
923,7/22/2017,76.49,69.75,amet,7:15 PM
924,9/10/2016,22.07,2.54,vel,2:16 PM
925,4/8/2017,29.42,39.26,aenean,8:33 AM
926,7/2/2017,50.17,63.16,in,11:01 PM
927,12/3/2016,5.16,98.96,mauris,2:00 AM
928,10/22/2016,17.1,16.72,sed,12:10 AM
929,4/22/2017,22.37,39.29,augue,3:54 AM
930,5/16/2017,75.2,64.21,pede,2:37 AM
931,9/3/2017,8.44,55.61,eros,2:03 AM
932,8/2/2017,26.89,65.76,odio,12:55 PM
933,8/19/2017,18.82,61.21,turpis,2:43 AM
934,12/31/2016,7.32,48.42,pede,7:38 PM
935,12/24/2016,3.1,91.24,faucibus,5:21 AM
936,8/20/2017,22.77,90.7,dui,5:07 PM
937,6/25/2017,3.01,69.67,luctus,10:24 AM
938,9/29/2016,1.34,74.72,aliquam,4:41 PM
939,11/27/2016,2.32,50.31,faucibus,10:34 PM
940,2/20/2017,19.68,49.26,natoque,1:42 PM
941,4/9/2017,64.78,30.95,fermentum,1:50 AM
942,3/3/2017,30.05,45.61,quam,3:54 PM
943,9/27/2016,21.55,88.26,duis,8:06 PM
944,5/23/2017,8.82,26.34,turpis,7:37 PM
945,4/4/2017,34.1,16.08,velit,8:43 PM
946,6/27/2017,8.52,32.59,vivamus,12:10 PM
947,9/23/2016,14.04,84.5,lacinia,10:21 AM
948,7/18/2017,95.65,5.14,sollicitudin,4:21 AM
949,1/30/2017,50.5,19.44,rutrum,5:16 PM
950,2/18/2017,11.23,89.89,curabitur,11:37 AM
951,5/22/2017,90.94,79.09,suscipit,2:22 PM
952,4/30/2017,89.24,37.46,curae,8:57 PM
953,10/2/2016,45.73,81.28,vestibulum,7:56 AM
954,12/10/2016,44.24,10.88,feugiat,5:26 PM
955,8/9/2017,91.47,76.64,montes,10:38 PM
956,11/22/2016,28.5,29.02,nulla,11:35 PM
957,7/2/2017,60.97,86.79,elementum,12:06 AM
958,10/18/2016,13.09,60.83,sit,1:13 AM
959,7/4/2017,18.14,57.95,lacus,5:37 PM
960,11/2/2016,74.48,45.27,id,8:38 PM
961,1/26/2017,65.8,94.59,mauris,4:57 AM
962,7/12/2017,93.91,71.33,donec,9:55 AM
963,1/24/2017,88.74,53.99,vel,3:01 AM
964,4/22/2017,89.26,64.21,augue,12:00 AM
965,3/3/2017,61.81,80.22,mi,2:38 PM
966,9/26/2016,62.59,37.96,lacus,7:59 AM
967,8/18/2017,72.34,19.66,ac,12:53 AM
968,11/9/2016,43.84,87.77,quam,11:07 PM
969,7/26/2017,67.13,38.61,lacinia,11:07 PM
970,12/29/2016,48.87,97.53,integer,2:00 PM
971,11/7/2016,34.24,31.8,rhoncus,12:03 AM
972,7/22/2017,46.46,65.24,natoque,4:49 PM
973,12/16/2016,60.67,89.08,turpis,6:19 AM
974,3/1/2017,24.81,28.63,curae,7:51 PM
975,9/30/2016,36.97,37.17,fermentum,1:16 PM
976,6/11/2017,30.64,84.13,in,3:47 PM
977,12/3/2016,51.99,83.6,primis,7:44 AM
978,12/2/2016,69.25,15.29,donec,9:15 AM
979,4/4/2017,58.49,17.97,integer,9:06 PM
980,7/3/2017,90.22,30.51,pulvinar,3:47 PM
981,9/11/2016,6.96,31.73,nisi,1:38 AM
982,12/16/2016,62.1,37.44,donec,7:52 AM
983,7/8/2017,82.42,49.52,venenatis,12:24 PM
984,10/19/2016,73.61,1.25,ultrices,4:01 AM
985,11/16/2016,33.55,97.32,quam,3:23 AM
986,9/12/2016,91.04,78.82,molestie,12:18 PM
987,7/15/2017,67.18,13.96,molestie,3:54 AM
988,6/27/2017,67.24,61.82,velit,2:01 PM
989,6/22/2017,53.7,15.94,ipsum,6:07 AM
990,12/30/2016,44.05,99.3,consequat,8:22 AM
991,6/2/2017,87.26,91.91,id,10:09 AM
992,8/17/2017,89.42,58.86,elit,2:38 AM
993,4/19/2017,22.91,41.63,posuere,9:53 PM
994,4/9/2017,28.58,86.58,purus,8:41 AM
995,6/11/2017,62.99,35.72,diam,4:10 PM
996,7/15/2017,38.59,9.61,suspendisse,11:25 AM
997,3/18/2017,59.71,5.14,aenean,10:54 AM
998,5/28/2017,78.4,39.83,risus,8:43 PM
999,12/25/2016,16.92,19.56,platea,3:40 AM
1000,6/22/2017,50.55,84.4,sem,10:16 PM
