code,name,type,vintage,bottleprice,caseprice,class
1,Gan,Maroon,1955-01-06 05:45:01,$56.57,$40.06,677
2,Melany,Red,1906-06-07 01:01:13,$496.73,$577.38,125
3,Flory,Crimson,1959-08-19 01:15:48,$81.45,$90.27,92
4,Laney,Fuscia,1936-03-12 23:18:42,$483.41,$792.87,653
5,Kaile,Khaki,1986-12-04 01:32:40,$84.52,$417.92,303
6,Byram,Mauv,2000-09-13 20:28:20,$26.12,$473.33,785
7,Way,Indigo,1935-08-30 21:03:12,$199.17,$121.80,801
8,Pippy,Indigo,1993-02-02 06:02:59,$774.33,$104.79,696
9,Maribelle,Indigo,1994-09-07 14:55:43,$465.25,$403.86,430
10,Enrica,Goldenrod,1957-04-02 21:18:19,$802.89,$279.80,814
11,Skelly,Turquoise,1984-01-04 12:00:36,$89.28,$774.24,808
12,Dionisio,Violet,1908-10-15 10:20:40,$786.44,$240.23,624
13,Daveta,Goldenrod,2001-06-05 15:28:51,$463.91,$32.04,156
14,Rowland,Goldenrod,1924-05-21 15:17:24,$506.54,$313.47,260
15,Mario,Red,1902-06-08 01:03:50,$686.46,$555.86,5
16,Louella,Maroon,2009-11-09 19:07:56,$867.40,$932.21,325
17,Brigida,Red,1901-06-30 13:43:28,$323.89,$916.11,688
18,Cristal,Teal,1975-09-24 17:06:06,$141.95,$978.70,777
19,Porty,Pink,1940-04-29 04:01:08,$786.52,$440.01,413
20,Izabel,Pink,1963-07-25 00:37:30,$886.06,$686.91,522
21,Beauregard,Puce,2011-12-22 18:05:57,$112.76,$372.01,255
22,Baxter,Green,1922-10-23 12:03:42,$146.98,$981.89,997
23,Fey,Purple,1984-07-09 02:56:55,$132.64,$210.35,109
24,Chiarra,Goldenrod,1923-05-25 08:36:34,$992.88,$228.84,474
25,Artair,Red,1972-04-30 14:07:39,$748.21,$969.89,704
26,Amber,Goldenrod,1928-08-02 13:22:14,$800.21,$436.07,703
27,Gayler,Puce,1982-11-24 22:17:59,$192.24,$522.61,108
28,Archambault,Maroon,1937-04-16 16:47:47,$810.62,$200.25,1
29,Nona,Blue,1916-04-14 01:25:19,$184.59,$846.09,609
30,Karly,Crimson,1925-08-29 01:47:46,$72.24,$714.63,513
31,Evangeline,Violet,2008-03-26 13:15:31,$99.68,$802.11,788
32,Reinald,Maroon,1947-03-02 20:29:10,$946.25,$999.75,480
33,Davin,Red,1934-07-24 00:42:21,$687.23,$299.65,44
34,Salvatore,Turquoise,1952-11-14 04:31:12,$589.38,$737.46,998
35,Ethyl,Indigo,2007-01-02 19:53:17,$651.79,$529.01,458
36,Essa,Violet,1900-09-04 12:29:11,$73.92,$235.83,545
37,Mickie,Orange,2012-10-06 16:42:24,$285.55,$98.16,301
38,Terri-jo,Green,1916-07-19 19:56:50,$784.11,$515.50,579
39,Devonna,Fuscia,1902-01-11 09:45:38,$202.30,$469.61,963
40,Jaime,Red,1969-10-18 03:38:04,$988.77,$311.09,235
41,Ranice,Aquamarine,1999-03-17 02:37:17,$68.00,$692.80,681
42,Diana,Blue,2005-08-20 19:28:27,$872.68,$4.69,90
43,Etti,Khaki,1921-12-03 17:54:35,$509.90,$553.57,592
44,Letitia,Teal,1954-05-08 02:36:50,$233.91,$415.88,770
45,Jeff,Green,2000-07-04 17:32:06,$477.68,$895.97,213
46,Ermentrude,Goldenrod,1932-06-08 13:49:49,$568.42,$521.28,73
47,Gusella,Khaki,1906-06-22 17:17:34,$809.26,$266.33,249
48,Denna,Violet,1920-08-10 03:36:44,$213.33,$913.04,918
49,Olive,Aquamarine,1969-11-30 08:48:48,$668.33,$606.91,149
50,Klara,Green,1922-04-07 21:44:09,$860.27,$26.74,347
51,Gussi,Puce,1943-04-16 22:54:54,$735.19,$44.56,199
52,Wilhelm,Mauv,1994-04-05 23:44:08,$759.15,$337.07,494
53,Merla,Orange,1941-06-26 11:01:24,$786.25,$629.78,336
54,Delphine,Purple,1961-06-10 08:51:30,$725.79,$220.60,155
55,Cherida,Teal,1959-09-23 20:10:41,$320.28,$877.90,500
56,Cobby,Green,1957-04-10 17:51:47,$859.84,$613.09,801
57,Steffen,Red,1910-09-02 06:27:36,$260.82,$590.98,530
58,Lisbeth,Green,1923-04-30 07:28:40,$804.10,$87.66,686
59,Sharity,Orange,1941-02-11 09:41:02,$279.37,$745.36,770
60,Marnie,Crimson,1938-01-23 15:51:53,$805.39,$941.81,568
61,Annabella,Pink,1980-04-23 08:46:38,$726.15,$814.59,842
62,Andrej,Pink,2015-06-26 08:21:33,$990.51,$631.27,898
63,Paquito,Aquamarine,1941-08-05 19:26:35,$710.36,$79.78,58
64,Laura,Puce,1968-02-26 15:32:11,$764.23,$648.84,675
65,Dale,Maroon,1962-10-12 08:35:52,$468.52,$93.44,960
66,Babette,Fuscia,1937-12-07 09:29:53,$275.94,$543.12,29
67,Christabella,Mauv,1938-02-24 09:29:39,$61.14,$443.03,708
68,Jsandye,Yellow,1930-10-20 20:39:18,$732.77,$947.03,62
69,Anjanette,Crimson,1902-01-31 19:42:15,$88.18,$920.32,367
70,Arden,Turquoise,1960-06-04 08:44:57,$581.07,$802.47,302
71,Aleen,Violet,1973-08-22 04:43:12,$241.68,$668.43,710
72,Davey,Red,2009-11-06 17:13:52,$379.93,$932.31,648
73,Lamond,Blue,1955-06-14 13:48:58,$703.78,$105.59,690
74,Kirby,Pink,2010-12-14 18:50:11,$347.57,$906.06,895
75,Yanaton,Goldenrod,1998-03-29 00:25:08,$901.27,$92.57,995
76,Vi,Yellow,1974-04-27 11:03:19,$172.64,$281.93,652
77,Leandra,Mauv,1986-11-27 23:23:42,$113.29,$693.24,976
78,Wendall,Yellow,1913-03-14 05:29:59,$294.18,$826.14,296
79,Hurleigh,Green,1997-11-22 00:41:36,$520.60,$836.19,537
80,Freddie,Aquamarine,1941-11-12 13:06:30,$917.16,$695.26,525
81,Shay,Goldenrod,1914-12-03 05:54:30,$990.15,$742.64,160
82,Simona,Purple,2000-05-17 15:58:50,$600.74,$787.27,750
83,Cordy,Aquamarine,1952-04-14 16:31:10,$363.02,$349.96,534
84,Fernanda,Aquamarine,1953-01-21 20:41:22,$861.77,$173.73,748
85,Jilleen,Puce,1950-10-25 05:32:08,$255.28,$136.37,149
86,Valma,Indigo,1906-12-28 21:09:14,$54.34,$837.14,713
87,Aldo,Green,1936-02-14 04:15:43,$236.15,$281.76,399
88,Annora,Yellow,1998-12-22 21:16:27,$44.55,$163.27,637
89,Darla,Pink,1980-04-30 06:43:19,$142.44,$997.12,111
90,Zuzana,Fuscia,1929-08-08 16:32:47,$507.53,$949.19,174
91,Gabriele,Indigo,1980-03-17 00:07:21,$485.83,$921.57,95
92,Phedra,Yellow,1940-09-12 13:18:59,$348.74,$73.58,332
93,Brit,Purple,1925-09-18 16:28:46,$781.99,$266.78,73
94,Rutger,Green,2002-08-17 21:52:56,$96.13,$192.81,381
95,Cate,Purple,1971-02-18 04:21:10,$909.95,$699.83,238
96,Corella,Blue,1950-01-11 17:36:03,$368.68,$479.80,344
97,Elbertine,Orange,1927-12-01 06:51:36,$596.32,$585.41,350
98,Tamarah,Puce,1921-02-13 21:24:48,$154.87,$960.08,202
99,Isak,Green,1960-03-12 11:55:40,$205.13,$193.63,55
100,Joel,Blue,1927-09-14 01:03:55,$709.13,$854.58,847
101,Melisse,Fuscia,2014-12-20 22:22:55,$980.12,$185.63,375
102,Terence,Green,1936-02-16 16:02:18,$323.42,$243.98,283
103,Quint,Purple,1999-02-19 02:33:33,$117.98,$382.81,924
104,Wade,Green,2004-04-27 22:04:38,$953.22,$795.22,648
105,Lothaire,Turquoise,1934-02-25 00:24:57,$579.87,$889.12,812
106,Roseanna,Puce,1975-09-04 19:52:38,$452.07,$695.15,146
107,Cosmo,Violet,1919-12-17 13:19:56,$532.86,$397.90,861
108,Rickie,Blue,1956-03-25 08:25:41,$776.19,$0.04,562
109,Anna,Maroon,1990-06-07 15:53:42,$425.70,$704.41,314
110,Dionis,Purple,1978-01-15 09:33:32,$502.07,$652.91,71
111,Asher,Khaki,1936-08-06 04:36:35,$71.06,$829.60,684
112,Mohammed,Teal,2006-09-19 11:53:22,$831.97,$78.15,375
113,Mayer,Violet,2010-02-19 16:10:44,$109.47,$793.98,721
114,Chas,Purple,1988-07-13 19:23:01,$896.25,$160.35,778
115,Noreen,Aquamarine,2015-06-20 02:58:49,$653.94,$515.06,47
116,Rosanne,Fuscia,2007-03-12 06:17:23,$165.48,$709.80,949
117,Terrijo,Teal,1996-12-13 05:55:48,$679.80,$527.84,328
118,Afton,Crimson,1937-03-25 05:44:29,$619.95,$956.15,519
119,Mersey,Orange,2002-11-28 13:36:58,$762.36,$564.82,970
120,Edgar,Crimson,2004-04-27 05:36:33,$137.81,$410.65,779
121,Abbi,Yellow,1958-05-02 02:49:07,$899.81,$31.06,40
122,Selestina,Fuscia,1969-04-08 02:21:15,$890.37,$81.50,408
123,Griffie,Violet,2009-02-28 04:00:59,$727.03,$717.13,196
124,Sisile,Orange,1945-08-11 18:47:22,$576.18,$102.85,590
125,Clerc,Teal,2011-04-16 06:07:08,$33.98,$46.01,45
126,Roley,Green,1942-09-02 11:56:37,$18.75,$563.21,903
127,Joaquin,Purple,1993-12-03 17:37:19,$902.25,$870.32,81
128,Reilly,Pink,1916-04-09 03:01:54,$722.64,$623.07,152
129,Hubie,Mauv,1930-12-14 23:22:54,$7.13,$17.48,612
130,Derk,Pink,2009-10-14 01:58:39,$485.63,$728.62,871
131,Benedetta,Fuscia,1929-12-25 04:01:25,$889.29,$266.73,361
132,Harris,Purple,1994-06-19 09:24:48,$983.52,$574.73,362
133,Jackie,Green,1949-07-15 22:31:44,$511.55,$820.54,472
134,Diann,Purple,1902-05-06 05:47:13,$810.67,$558.90,142
135,Camala,Indigo,1982-10-02 03:23:40,$300.88,$440.28,646
136,Rheta,Green,1900-02-12 11:44:25,$258.94,$929.96,707
137,Fee,Fuscia,1972-04-28 16:50:53,$22.12,$749.06,380
138,Gabriela,Maroon,1962-02-04 05:52:52,$806.22,$281.33,50
139,Gillian,Orange,1974-10-01 15:10:52,$400.59,$447.32,13
140,Albertine,Crimson,1948-09-26 00:18:05,$680.92,$676.94,156
141,Mikaela,Green,1992-06-15 14:25:18,$965.27,$357.66,928
142,Salvidor,Blue,1961-01-21 21:22:47,$122.27,$503.59,866
143,Goddart,Maroon,1979-05-15 19:59:08,$298.71,$841.78,252
144,Mahmud,Red,1937-01-13 07:45:10,$651.78,$732.98,433
145,Tobye,Blue,1902-03-16 11:21:02,$429.36,$357.29,180
146,Ganny,Aquamarine,1927-11-20 18:49:10,$953.28,$222.85,30
147,Rhona,Maroon,1934-12-14 02:04:12,$48.44,$480.40,498
148,Marin,Crimson,1989-01-30 00:14:18,$500.71,$317.27,875
149,Glenden,Blue,2014-12-14 02:30:27,$140.55,$259.74,371
150,Daren,Mauv,1905-07-24 14:12:30,$755.00,$105.74,603
151,Jermayne,Violet,1977-08-02 16:26:57,$954.28,$251.47,137
152,Spike,Turquoise,1944-01-31 23:45:52,$677.69,$865.18,371
153,Justen,Aquamarine,1913-12-10 14:51:48,$535.81,$105.20,993
154,Clarence,Puce,2000-05-18 18:54:49,$617.32,$703.42,803
155,Terry,Orange,1969-02-18 16:18:26,$293.38,$860.72,106
156,Gaye,Turquoise,1961-08-19 08:41:28,$883.04,$764.73,13
157,Debora,Yellow,1938-05-14 21:04:39,$92.50,$218.29,117
158,Dannie,Maroon,1972-10-12 11:29:14,$111.42,$273.41,312
159,Antons,Teal,1988-09-30 05:00:48,$106.16,$455.82,827
160,Carolyne,Turquoise,1945-01-11 00:29:21,$18.69,$252.35,441
161,Bradney,Aquamarine,1919-01-25 11:47:11,$587.70,$25.83,501
162,Benedetto,Khaki,1944-03-19 16:09:20,$338.95,$871.29,408
163,Rab,Khaki,1940-05-15 23:31:46,$480.40,$98.26,752
164,Luigi,Fuscia,1911-03-30 02:35:38,$197.32,$236.58,662
165,Teodora,Crimson,1959-08-19 11:08:19,$361.73,$292.60,693
166,Luz,Blue,1945-11-17 20:49:19,$798.71,$729.87,64
167,Ty,Turquoise,1946-08-11 23:50:36,$128.81,$581.47,359
168,Dorine,Green,1903-02-19 10:21:51,$515.75,$284.65,903
169,Angelo,Pink,1923-12-20 00:04:23,$744.67,$922.45,979
170,Arri,Crimson,1919-11-17 23:55:47,$339.29,$100.70,442
171,Kate,Maroon,1983-07-26 20:21:33,$515.37,$209.35,207
172,Darelle,Turquoise,1993-11-19 11:00:43,$793.16,$341.16,649
173,Bonita,Fuscia,1928-01-28 23:27:21,$602.86,$215.37,196
174,Opal,Green,1939-01-05 04:53:28,$390.28,$85.81,25
175,Katharine,Maroon,1986-05-07 17:45:23,$928.97,$387.72,413
176,Laurette,Turquoise,1967-10-22 23:57:39,$404.74,$41.75,450
177,Carleen,Red,2006-05-27 06:48:14,$31.25,$172.92,460
178,Susann,Violet,1963-08-23 21:30:31,$539.35,$737.17,915
179,Patience,Green,2006-07-04 04:44:09,$497.19,$272.95,376
180,Jaymie,Indigo,1984-04-23 20:42:27,$893.91,$829.67,361
181,Tome,Yellow,1975-03-10 17:41:35,$449.81,$53.86,810
182,Bo,Khaki,1936-04-30 14:45:48,$278.38,$84.31,170
183,Luci,Teal,1951-12-16 11:18:30,$601.95,$396.91,547
184,Gail,Green,1939-09-10 23:40:57,$266.11,$547.86,224
185,Imogen,Yellow,1929-11-18 13:49:28,$86.91,$199.85,96
186,Toby,Indigo,1947-01-18 01:34:13,$139.17,$172.94,730
187,Esma,Indigo,1962-08-27 02:33:13,$752.79,$473.26,948
188,Bonny,Turquoise,2014-11-27 21:58:54,$609.41,$309.48,601
189,Reeba,Blue,1959-08-16 16:29:38,$789.57,$349.40,797
190,Gerty,Orange,1911-07-07 16:35:25,$318.51,$608.35,797
191,Sal,Teal,1989-03-29 22:51:33,$609.22,$495.39,152
192,Amby,Violet,1984-08-15 13:21:30,$957.78,$879.55,373
193,Ogdon,Pink,1935-04-15 09:55:45,$792.78,$125.63,340
194,Lonni,Teal,1922-05-19 07:54:03,$94.68,$305.94,289
195,Mikol,Fuscia,1976-05-23 12:22:14,$931.00,$196.76,63
196,Vilhelmina,Green,1995-11-24 23:19:31,$834.21,$382.64,787
197,Dulci,Turquoise,1944-04-09 13:04:58,$175.90,$59.34,62
198,Michale,Fuscia,1950-03-03 00:41:05,$148.85,$801.42,721
199,Emanuele,Puce,1914-03-16 06:31:09,$449.34,$397.55,984
200,Simonne,Yellow,1981-07-04 13:17:59,$369.85,$4.86,973
201,Anderea,Blue,1964-05-10 20:27:59,$886.20,$636.26,741
202,Shandie,Indigo,1950-01-11 13:19:53,$174.80,$769.16,357
203,Clotilda,Mauv,1984-06-10 01:08:40,$764.18,$7.13,649
204,Dominick,Teal,1984-03-22 17:42:37,$315.94,$398.76,745
205,Patrizius,Khaki,1996-11-15 11:07:59,$10.25,$678.46,491
206,Arlyne,Red,1945-09-05 22:31:08,$985.80,$84.89,822
207,Jessamine,Khaki,2002-09-08 05:54:52,$98.61,$837.02,181
208,Kelly,Aquamarine,1927-05-27 15:00:43,$955.01,$839.77,330
209,Land,Indigo,1929-12-30 01:59:20,$943.79,$923.67,323
210,Aurie,Turquoise,1964-03-18 12:12:21,$395.69,$100.72,222
211,Mariquilla,Aquamarine,1954-03-25 09:09:21,$963.23,$859.55,255
212,Fredi,Aquamarine,1994-09-04 17:47:59,$276.52,$420.77,359
213,Whitney,Puce,1976-05-09 02:46:50,$16.91,$808.77,446
214,Johnnie,Mauv,1950-09-30 02:07:45,$785.51,$286.10,40
215,Corrinne,Blue,1997-01-31 14:23:09,$73.88,$848.41,606
216,Violetta,Khaki,2000-10-10 12:32:11,$672.37,$532.93,718
217,Adolpho,Aquamarine,1942-02-03 07:23:35,$11.66,$213.36,10
218,Claire,Purple,1922-04-18 14:13:47,$707.91,$591.05,312
219,Rutherford,Blue,1939-08-21 01:24:08,$848.32,$626.00,360
220,Halimeda,Red,1922-10-16 16:36:59,$61.08,$845.57,914
221,Brinn,Indigo,1931-05-31 13:07:15,$386.22,$741.36,491
222,Giraud,Mauv,1977-08-30 17:29:43,$158.48,$628.81,365
223,Harold,Violet,1993-02-18 16:56:01,$859.50,$962.70,151
224,Clarie,Maroon,1970-08-22 13:04:36,$889.43,$913.58,221
225,Wilona,Indigo,2012-05-18 17:34:55,$464.98,$650.74,867
226,Lacee,Blue,1950-04-01 09:35:57,$926.23,$336.46,976
227,Wake,Teal,1982-12-06 14:49:53,$836.36,$479.30,16
228,Albina,Green,1974-04-08 14:54:53,$915.91,$532.74,232
229,Eveleen,Crimson,2012-11-06 21:48:35,$934.73,$637.62,978
230,Jackqueline,Goldenrod,1917-10-21 06:40:56,$975.87,$613.18,300
231,Ronda,Yellow,1959-01-18 14:07:14,$517.03,$457.88,888
232,Josephine,Indigo,1947-08-24 04:15:30,$484.15,$857.60,39
233,Dan,Goldenrod,1997-04-13 11:33:51,$635.11,$520.59,51
234,Haven,Turquoise,1911-02-11 18:35:39,$924.07,$734.73,305
235,Jasmin,Crimson,1960-11-21 17:15:34,$780.07,$696.97,148
236,Aila,Red,2005-12-31 17:51:51,$720.61,$709.53,597
237,Gwenora,Maroon,1939-08-24 15:10:43,$502.35,$439.92,807
238,Kellen,Maroon,1920-07-05 01:08:54,$845.32,$745.79,67
239,Ailey,Violet,1945-09-19 19:38:44,$625.93,$710.73,87
240,Hugh,Yellow,1900-06-20 11:49:12,$36.61,$308.80,951
241,Lurette,Yellow,1994-04-15 04:01:24,$113.92,$907.24,108
242,Maynard,Violet,1973-04-26 21:05:51,$433.80,$470.56,696
243,Marje,Indigo,1957-12-07 18:00:49,$564.63,$117.97,382
244,Mia,Violet,1936-01-28 00:22:26,$810.22,$726.32,484
245,Lester,Pink,1915-09-16 10:06:07,$829.58,$859.93,950
246,Joshuah,Goldenrod,1972-03-29 18:04:13,$36.14,$696.09,826
247,Geralda,Puce,1949-02-10 10:09:36,$999.38,$173.29,926
248,Adrian,Crimson,1912-11-06 16:08:18,$654.96,$457.48,14
249,Linell,Mauv,1941-07-31 08:07:45,$179.17,$318.01,841
250,Tristam,Puce,1914-10-23 19:57:53,$529.06,$948.84,301
251,Willie,Goldenrod,1970-05-16 22:14:01,$259.52,$195.51,426
252,Jacqueline,Red,1949-08-05 07:11:41,$506.90,$355.93,193
253,Wells,Pink,1949-03-07 17:58:25,$457.75,$284.18,376
254,Dionysus,Mauv,1986-04-06 14:40:05,$770.97,$735.18,773
255,Iago,Khaki,1949-04-14 13:46:13,$244.92,$431.60,244
256,Raoul,Indigo,1908-07-21 17:43:14,$967.99,$441.13,283
257,Kala,Khaki,1938-07-11 16:00:30,$790.76,$564.83,535
258,Lesli,Yellow,1924-09-01 00:57:56,$418.52,$883.96,151
259,Callida,Purple,1972-08-03 00:18:18,$549.38,$470.24,454
260,Hall,Pink,1900-02-02 10:11:55,$807.59,$323.69,460
261,Greggory,Violet,1965-09-04 14:12:10,$825.74,$563.38,327
262,Merry,Purple,1969-06-18 15:55:58,$590.74,$737.86,276
263,Bondon,Teal,1924-11-07 05:34:39,$573.77,$744.69,533
264,Aimee,Orange,1989-10-18 18:19:42,$890.28,$736.39,93
265,Antonia,Mauv,1977-03-07 07:16:23,$287.98,$808.19,682
266,Gaston,Purple,1995-09-22 10:39:01,$307.06,$740.17,494
267,Saidee,Yellow,1955-10-25 21:08:34,$875.07,$132.27,405
268,Mirabella,Indigo,1929-07-02 14:50:14,$930.36,$154.70,858
269,Joyann,Pink,1901-07-11 16:39:46,$676.63,$328.42,520
270,Tamarah,Khaki,1905-10-30 06:01:11,$731.36,$780.72,245
271,Ranique,Orange,1997-03-08 15:10:22,$219.19,$145.05,554
272,Goran,Blue,2013-06-26 04:58:29,$30.32,$388.12,88
273,Antonina,Fuscia,1992-05-19 19:35:31,$699.07,$872.88,329
274,Dolf,Violet,2016-06-02 11:17:02,$576.00,$203.99,669
275,Toiboid,Teal,1973-01-01 11:37:55,$882.94,$300.07,609
276,Lilia,Puce,1983-09-24 15:10:27,$423.12,$608.61,344
277,Tybie,Blue,1927-11-30 16:53:12,$362.49,$162.01,778
278,Jamima,Goldenrod,1934-11-08 14:08:25,$105.75,$295.62,813
279,Noam,Green,1962-12-01 11:37:50,$825.85,$366.26,168
280,Caleb,Crimson,1994-10-29 19:09:19,$456.60,$305.82,902
281,Katuscha,Indigo,1986-12-23 23:14:47,$106.80,$388.61,369
282,Dudley,Indigo,2014-06-30 15:11:09,$678.74,$852.55,57
283,Maurizio,Teal,1931-10-10 20:26:43,$589.32,$416.46,138
284,Jerry,Orange,1931-06-23 17:42:20,$131.18,$798.01,876
285,Bryant,Khaki,1916-03-02 05:29:53,$929.93,$311.11,914
286,Greggory,Goldenrod,1970-01-17 07:03:20,$643.06,$702.44,606
287,Essie,Crimson,1949-09-15 01:39:27,$218.52,$4.58,441
288,Ginger,Turquoise,1963-11-27 23:11:10,$907.79,$177.26,2
289,Amalea,Blue,1934-10-08 08:14:06,$317.33,$575.88,64
290,Jacinthe,Yellow,1967-07-19 10:29:23,$854.60,$181.08,612
291,Marleen,Blue,2015-02-10 15:42:51,$464.34,$102.29,26
292,Cyndie,Turquoise,1957-03-07 19:58:23,$893.71,$31.27,151
293,Prinz,Orange,1921-03-08 23:31:26,$503.10,$506.14,388
294,Cheri,Blue,2013-12-10 16:34:57,$863.51,$165.41,632
295,Randie,Red,1954-11-23 00:08:59,$373.89,$123.90,984
296,Allard,Indigo,1969-10-26 23:27:34,$746.32,$526.75,259
297,Lorelle,Teal,1983-01-01 06:48:18,$807.04,$905.73,560
298,Irwinn,Goldenrod,1906-02-25 20:21:15,$776.22,$317.56,953
299,Sidonnie,Purple,1989-03-09 10:51:53,$125.43,$367.02,937
300,Mair,Blue,2008-03-30 07:16:01,$119.54,$935.97,72
301,Davie,Puce,1965-07-06 14:37:25,$376.43,$130.54,129
302,Hagen,Aquamarine,1920-03-15 03:29:10,$205.90,$335.44,637
303,Kit,Turquoise,1958-10-02 11:03:17,$186.67,$186.39,883
304,Zelig,Orange,1932-07-21 18:12:29,$939.20,$16.28,971
305,Letta,Indigo,1927-07-08 15:55:10,$502.43,$688.94,239
306,Dyane,Blue,1964-09-26 08:53:39,$652.90,$78.97,295
307,Cornell,Violet,1952-07-30 03:43:52,$243.93,$729.07,607
308,Sherye,Aquamarine,1950-02-22 22:20:58,$408.22,$521.49,778
309,Marne,Green,1937-11-01 01:36:04,$543.22,$537.82,916
310,Ferrell,Turquoise,1980-12-30 17:51:43,$371.58,$995.13,118
311,Moise,Fuscia,1975-06-01 19:39:44,$167.22,$357.62,439
312,Richart,Indigo,1941-12-12 07:12:46,$569.66,$623.16,961
313,Lewiss,Indigo,1920-09-08 15:33:52,$613.76,$953.96,564
314,Malory,Yellow,2008-12-02 18:53:02,$969.77,$223.86,494
315,Sukey,Aquamarine,1979-07-20 01:20:59,$949.73,$308.15,799
316,Kermie,Mauv,2010-01-22 17:58:40,$662.56,$840.50,718
317,Dick,Red,1915-12-29 07:14:33,$632.96,$321.34,709
318,Reginald,Indigo,1949-08-14 00:46:15,$756.16,$769.69,207
319,Philippine,Purple,1910-04-29 16:16:27,$229.32,$245.74,172
320,Rosmunda,Aquamarine,1943-11-27 14:24:35,$119.89,$450.96,381
321,Issi,Indigo,1990-02-27 11:19:55,$821.39,$802.72,576
322,Dag,Purple,1987-08-20 03:35:12,$305.83,$797.83,148
323,Bethina,Aquamarine,1917-09-06 13:46:45,$227.27,$323.92,574
324,Arleen,Indigo,1991-07-28 12:15:27,$982.03,$809.13,79
325,Jacqueline,Crimson,1964-11-08 13:54:39,$815.75,$877.34,527
326,Buffy,Yellow,1917-09-01 07:40:20,$347.14,$831.69,627
327,Ula,Pink,1999-09-17 18:43:28,$118.75,$846.69,60
328,Arleen,Maroon,1906-06-01 01:14:38,$722.89,$686.96,68
329,Taddeo,Violet,1956-06-16 18:45:20,$376.37,$39.21,981
330,Roseline,Violet,1976-02-29 09:39:27,$357.28,$43.39,647
331,Faustina,Pink,1998-06-19 17:55:12,$270.78,$603.36,275
332,Agatha,Goldenrod,1987-01-30 04:57:50,$113.97,$409.33,666
333,Leoline,Purple,2016-07-25 11:00:58,$750.39,$710.44,548
334,Sal,Violet,2000-06-19 05:13:41,$736.29,$512.70,321
335,Lonnard,Maroon,1954-10-29 04:40:55,$613.22,$786.43,82
336,Joy,Crimson,1911-04-15 15:22:29,$444.04,$680.04,323
337,Gothart,Orange,1992-12-01 09:18:42,$151.51,$893.78,185
338,Sarina,Khaki,1973-08-07 20:17:31,$301.10,$733.22,902
339,Joanie,Maroon,1999-12-29 11:11:33,$515.08,$334.58,954
340,Ibrahim,Yellow,2009-08-03 22:46:15,$733.25,$441.48,333
341,Che,Orange,1942-01-27 08:50:40,$5.27,$553.07,89
342,Eldon,Aquamarine,1909-11-18 07:43:24,$866.57,$898.90,347
343,Jayne,Indigo,1950-09-17 11:01:28,$890.26,$165.35,807
344,Nadya,Mauv,1930-04-14 05:26:27,$75.60,$678.75,476
345,Dougy,Violet,1944-05-01 00:30:23,$590.86,$603.45,170
346,Janela,Turquoise,1952-03-14 19:58:30,$456.31,$599.64,368
347,Leif,Blue,1996-06-10 07:47:27,$413.83,$70.38,513
348,Gabie,Goldenrod,1982-04-07 03:47:29,$30.25,$498.09,116
349,Obadias,Red,1920-12-19 08:25:34,$333.88,$680.89,155
350,Ralina,Khaki,1977-08-02 07:28:32,$408.14,$990.52,482
351,Eartha,Purple,1912-01-11 04:55:31,$527.65,$392.23,764
352,Bailey,Turquoise,1927-10-05 08:39:49,$181.45,$261.54,765
353,Gonzalo,Teal,1957-08-16 18:07:43,$22.18,$893.25,965
354,Roda,Fuscia,1997-12-17 20:44:19,$641.90,$457.69,780
355,Cori,Green,1915-01-26 22:58:52,$529.26,$523.14,618
356,Nikolia,Purple,1943-05-01 05:32:30,$948.08,$802.77,659
357,Eduardo,Red,1901-02-03 18:17:44,$242.29,$873.93,442
358,Chloris,Khaki,1943-04-09 15:42:40,$133.21,$70.36,591
359,Claire,Maroon,1952-08-08 18:48:35,$958.45,$969.21,795
360,Stesha,Pink,1994-05-26 22:26:36,$282.27,$59.47,826
361,Elyse,Mauv,1920-05-23 03:07:45,$416.21,$311.20,188
362,Kelley,Maroon,1963-01-22 03:39:47,$436.39,$628.58,155
363,Hadria,Teal,1985-02-15 17:13:43,$396.52,$258.09,338
364,Esmaria,Green,1900-05-05 01:14:15,$724.33,$290.92,913
365,Reyna,Violet,1936-02-14 02:53:39,$804.09,$231.13,168
366,Sherrie,Maroon,2017-02-19 12:10:54,$37.39,$462.24,974
367,Lydon,Indigo,1949-10-26 14:20:07,$612.80,$486.53,727
368,Carlota,Red,1999-04-24 19:00:32,$844.98,$182.44,393
369,Ancell,Indigo,2011-09-19 22:05:32,$413.17,$447.42,58
370,Major,Khaki,1939-05-28 20:10:37,$969.59,$917.73,483
371,Stevie,Blue,2002-08-22 19:34:39,$816.81,$984.74,199
372,Dawna,Red,1936-11-13 23:13:28,$586.03,$603.00,875
373,Babette,Khaki,2007-02-25 14:06:57,$616.51,$237.02,461
374,Elie,Maroon,2005-12-22 20:48:33,$612.29,$94.30,681
375,Ingamar,Teal,2006-07-24 10:44:13,$321.14,$232.64,150
376,Hannah,Red,1978-02-17 10:22:27,$155.27,$288.68,123
377,Missie,Green,1913-12-06 23:25:16,$427.78,$564.94,457
378,Tadeas,Goldenrod,1927-03-14 13:33:54,$283.88,$209.83,19
379,Rayner,Turquoise,1959-06-28 03:07:04,$381.26,$844.61,139
380,Birdie,Yellow,1936-02-09 17:16:01,$733.37,$336.01,379
381,Linzy,Orange,2003-02-13 12:33:42,$868.40,$591.83,519
382,Don,Turquoise,1910-07-30 16:27:19,$644.34,$112.80,762
383,Carmelle,Yellow,1912-01-26 15:00:53,$673.66,$922.74,368
384,Monroe,Teal,1901-10-04 15:09:39,$123.25,$540.33,503
385,Gareth,Puce,1924-03-23 23:50:56,$777.32,$454.42,508
386,Garner,Indigo,1992-01-13 08:31:38,$625.41,$918.77,663
387,Norean,Puce,1940-11-04 17:06:57,$601.81,$376.21,833
388,Dulcia,Khaki,1941-07-18 15:52:16,$568.41,$375.38,253
389,Lauren,Mauv,1974-05-18 03:16:52,$534.88,$363.03,477
390,Godfry,Turquoise,1983-02-28 19:51:55,$457.70,$994.97,519
391,Evelyn,Aquamarine,1949-05-31 09:38:25,$766.19,$804.75,770
392,Carmita,Blue,1967-06-30 23:32:41,$225.46,$186.84,119
393,Tommi,Turquoise,2005-02-03 08:56:48,$550.86,$882.15,849
394,Lusa,Crimson,1970-03-30 14:38:35,$142.40,$338.41,629
395,Jarrid,Crimson,1926-02-08 23:27:58,$282.63,$493.68,674
396,Kristoffer,Green,1967-04-13 15:27:07,$184.75,$913.57,862
397,Rosaline,Fuscia,1922-03-31 09:20:54,$819.03,$177.86,620
398,Maryrose,Maroon,1995-02-14 11:44:31,$377.27,$399.94,503
399,Virgina,Blue,2009-06-29 20:12:34,$592.21,$297.32,882
400,Bob,Red,1969-11-12 00:56:09,$168.25,$708.10,752
401,Cathryn,Goldenrod,1965-09-07 00:17:42,$244.43,$470.76,143
402,Pamelina,Crimson,1933-02-17 13:48:31,$6.60,$807.59,437
403,Herschel,Fuscia,1903-10-21 19:49:12,$477.83,$252.83,460
404,Carmel,Puce,1967-10-11 10:58:32,$975.42,$811.60,665
405,Feodora,Crimson,1958-12-27 20:52:44,$450.19,$277.09,456
406,Remington,Crimson,1931-09-06 15:11:06,$898.54,$946.30,814
407,Fredra,Khaki,1943-12-30 07:06:13,$703.24,$310.31,170
408,Rebekkah,Puce,1984-10-10 05:25:45,$467.62,$599.11,386
409,Debee,Crimson,1950-12-09 09:59:34,$436.03,$117.72,978
410,Philippe,Teal,1939-11-25 19:37:00,$812.01,$648.49,202
411,Agneta,Indigo,1956-04-02 13:11:57,$405.53,$527.76,23
412,Lowell,Blue,2005-01-05 04:06:23,$786.92,$211.34,607
413,Issiah,Mauv,1921-05-13 20:58:45,$945.37,$127.59,825
414,Terence,Khaki,1913-03-09 03:09:31,$503.79,$812.41,329
415,Balduin,Aquamarine,1935-02-05 22:34:04,$530.50,$331.64,112
416,Catlaina,Fuscia,1923-10-14 16:56:33,$71.77,$81.17,160
417,Nancy,Crimson,1970-05-20 19:13:10,$610.94,$799.40,730
418,Benson,Indigo,1971-05-25 14:50:27,$830.32,$987.80,78
419,Veriee,Indigo,1942-11-13 13:15:54,$125.38,$371.55,395
420,Idalina,Green,1952-10-29 03:21:31,$823.46,$379.09,812
421,Zaneta,Aquamarine,1930-03-22 04:19:52,$978.38,$100.86,504
422,Juana,Purple,1912-11-09 00:47:50,$56.90,$534.79,642
423,Robinette,Turquoise,1951-10-13 01:39:41,$971.61,$519.00,174
424,Carver,Mauv,1979-08-08 20:55:09,$290.12,$449.60,964
425,Normie,Crimson,1908-09-04 15:29:05,$136.89,$809.33,248
426,Abbye,Indigo,1972-11-18 22:58:17,$986.64,$459.10,21
427,Udale,Khaki,2000-03-09 02:29:03,$245.11,$638.80,80
428,Hedwig,Mauv,1959-06-10 09:32:59,$6.26,$526.14,470
429,Christy,Crimson,1954-06-18 19:40:24,$616.93,$76.57,505
430,Datha,Yellow,1918-09-26 11:41:54,$957.83,$394.67,698
431,Kim,Orange,1909-11-05 19:50:55,$191.15,$273.80,930
432,Gradey,Purple,1902-08-14 05:20:19,$924.26,$164.36,484
433,Lynna,Crimson,1906-11-27 08:31:56,$644.37,$409.60,618
434,Akim,Crimson,1963-10-27 03:35:20,$68.84,$425.29,837
435,Locke,Red,1938-03-15 21:55:13,$723.44,$254.31,263
436,Betta,Mauv,1979-05-15 07:40:22,$521.57,$764.39,676
437,Dierdre,Yellow,2008-12-24 06:50:14,$286.30,$529.81,658
438,Carline,Turquoise,1992-01-28 02:12:51,$431.14,$382.22,285
439,Roderic,Purple,1971-10-02 07:33:43,$946.73,$790.19,8
440,Koral,Green,2008-03-18 11:41:45,$998.84,$99.55,458
441,Rollie,Indigo,2008-06-29 16:15:12,$847.61,$764.60,401
442,Cahra,Orange,1969-11-14 01:36:25,$662.27,$336.29,340
443,Anselm,Yellow,1911-03-26 10:13:38,$862.07,$429.43,473
444,Lebbie,Blue,1909-12-05 17:13:35,$646.40,$371.87,359
445,Beverlie,Crimson,1975-01-13 14:39:24,$653.33,$314.29,431
446,Gwenneth,Goldenrod,1971-08-09 13:30:52,$521.42,$131.66,566
447,Joby,Crimson,1908-06-13 20:02:56,$234.93,$790.29,627
448,Terry,Fuscia,1982-01-08 16:29:14,$325.11,$805.27,797
449,Alvan,Indigo,1962-02-12 02:02:34,$993.22,$732.48,523
450,Pearce,Blue,1997-12-03 04:20:20,$792.26,$375.83,93
451,Averell,Goldenrod,1916-04-05 08:39:16,$745.66,$981.09,956
452,Elisha,Blue,1973-08-29 15:06:22,$75.77,$93.54,992
453,Mira,Puce,1938-11-03 13:53:31,$569.92,$95.64,298
454,Hall,Red,1947-10-19 06:53:44,$17.50,$970.36,664
455,Justis,Aquamarine,1912-02-13 22:35:16,$629.03,$149.38,591
456,Darby,Violet,2014-06-23 10:10:17,$204.55,$425.10,835
457,Josy,Khaki,2010-09-29 13:24:14,$126.63,$825.03,904
458,Judy,Puce,1919-07-13 05:48:53,$990.97,$209.64,806
459,Elena,Puce,1999-10-03 18:24:07,$304.72,$25.25,33
460,Reina,Purple,1946-06-05 17:07:28,$388.64,$968.88,525
461,Laural,Pink,1972-03-10 06:12:47,$763.97,$928.35,774
462,Mendel,Puce,1908-08-18 13:11:51,$1.57,$949.21,712
463,Gwenni,Fuscia,1983-06-03 19:01:17,$367.84,$397.65,899
464,Margaret,Teal,1914-03-20 16:51:02,$628.34,$216.27,29
465,Florry,Indigo,1943-04-25 07:53:16,$379.70,$165.34,623
466,Hendrik,Blue,1913-05-18 12:20:05,$298.48,$990.98,422
467,Pat,Orange,1991-06-14 18:02:48,$495.58,$885.02,204
468,Nikolaos,Maroon,1968-01-16 13:02:51,$116.28,$133.46,267
469,Steffie,Maroon,1997-01-14 05:25:43,$745.85,$770.16,663
470,Dimitri,Crimson,1905-05-28 02:31:20,$615.20,$903.79,595
471,Esme,Fuscia,1941-12-21 09:41:00,$613.99,$90.82,36
472,Devlin,Khaki,2003-09-26 15:26:32,$579.42,$168.18,840
473,Karoline,Green,1931-01-28 20:27:10,$272.16,$237.08,659
474,Demetria,Yellow,1964-02-25 16:11:34,$275.16,$884.32,146
475,Leyla,Purple,1968-05-16 02:42:07,$974.40,$783.81,765
476,Kris,Red,2011-12-01 18:05:54,$9.85,$553.00,694
477,Sherry,Turquoise,1965-08-05 17:58:21,$720.49,$622.18,616
478,Chris,Puce,1995-11-20 02:44:07,$567.99,$864.26,230
479,Shayne,Khaki,1917-05-02 05:48:13,$786.35,$179.18,700
480,Carin,Turquoise,1994-04-22 05:26:45,$1.86,$686.13,39
481,Nissy,Indigo,2013-09-11 15:37:50,$181.38,$368.82,18
482,Charil,Teal,1916-04-21 00:03:23,$421.08,$62.09,981
483,Valerye,Violet,1910-11-27 16:28:11,$291.10,$839.88,835
484,Juliann,Orange,1946-12-19 21:05:27,$733.74,$456.89,635
485,Bettina,Puce,1928-06-04 02:00:25,$392.72,$887.24,644
486,Lyndsie,Violet,1950-08-02 15:34:21,$199.96,$65.85,55
487,Jacquie,Purple,1919-06-17 20:18:36,$39.07,$577.63,972
488,Sinclare,Crimson,1942-02-26 23:56:08,$662.97,$141.46,260
489,Tish,Green,1916-07-18 01:05:06,$769.60,$625.55,138
490,Brant,Fuscia,1969-04-09 10:47:25,$755.00,$439.16,477
491,Serena,Yellow,2003-07-09 16:52:31,$432.95,$765.75,587
492,Maribeth,Red,1950-03-19 12:59:09,$980.23,$44.74,800
493,Roland,Crimson,2012-01-06 08:06:44,$852.68,$44.94,824
494,Abbie,Violet,1906-08-29 03:06:31,$17.62,$151.51,956
495,Travis,Khaki,1936-12-05 02:22:05,$168.56,$778.71,409
496,Bendick,Fuscia,1975-03-24 14:57:57,$531.74,$687.56,304
497,Marsha,Orange,1901-10-31 16:32:46,$505.68,$575.33,812
498,Marcellus,Red,1987-06-03 01:08:07,$86.23,$578.67,873
499,Talya,Aquamarine,1956-05-29 06:12:00,$414.47,$906.09,837
500,Tammi,Orange,1968-09-01 01:04:01,$670.42,$447.18,560
501,Erastus,Khaki,1970-04-18 07:42:52,$130.88,$318.81,91
502,Elizabeth,Aquamarine,2004-06-07 18:43:56,$136.62,$350.01,751
503,Mathilda,Fuscia,1985-07-10 18:33:16,$971.31,$167.19,10
504,Demetria,Maroon,1935-02-08 20:36:55,$88.64,$557.80,861
505,D'arcy,Pink,1906-02-05 21:33:46,$689.75,$248.59,781
506,Edgardo,Yellow,1959-06-12 23:31:27,$234.04,$306.08,307
507,Guilbert,Crimson,1934-12-19 23:25:48,$267.79,$407.10,213
508,Jarrett,Aquamarine,1928-01-09 17:58:15,$774.84,$228.60,56
509,Philipa,Fuscia,1928-03-07 01:47:40,$980.35,$808.68,291
510,Leoline,Green,1965-02-01 10:00:18,$551.27,$546.21,574
511,Christoper,Violet,2015-12-20 17:53:47,$914.45,$348.15,264
512,Darryl,Aquamarine,1995-06-26 19:01:32,$756.95,$232.92,160
513,Beatriz,Fuscia,2004-12-07 10:42:06,$837.54,$959.55,333
514,Aundrea,Indigo,1948-08-07 21:22:51,$617.40,$62.44,371
515,Jaquith,Goldenrod,1950-05-08 12:44:34,$383.38,$683.09,863
516,Valaree,Pink,1970-07-05 14:49:18,$248.31,$476.10,296
517,Tonye,Yellow,2011-10-22 17:06:04,$417.26,$435.86,949
518,Ronnie,Blue,1977-06-24 11:32:55,$764.16,$75.20,868
519,Kaycee,Yellow,1993-11-19 09:55:54,$876.56,$277.96,40
520,Ingeborg,Orange,1933-10-15 18:58:55,$121.54,$520.61,803
521,Maxim,Orange,1914-02-09 05:02:22,$301.62,$38.37,630
522,Eleonore,Crimson,1957-08-09 09:25:09,$395.04,$60.17,585
523,Gideon,Orange,1915-03-16 01:46:05,$928.19,$243.64,597
524,Kerrin,Blue,1923-07-10 15:01:30,$723.94,$664.32,320
525,Cori,Orange,1940-07-09 16:07:37,$249.87,$914.03,707
526,Luise,Aquamarine,2003-10-02 18:01:48,$882.07,$330.17,674
527,Christel,Green,1938-06-24 18:34:49,$215.16,$438.83,934
528,Hastings,Crimson,2009-10-14 14:18:09,$530.44,$588.33,608
529,Agnese,Blue,1959-05-27 16:44:29,$759.22,$781.37,42
530,Wilmette,Green,1925-08-27 05:28:19,$454.90,$47.17,237
531,Deeyn,Pink,1990-04-06 18:29:41,$28.82,$149.69,723
532,Tomaso,Violet,1937-12-30 14:16:25,$961.06,$375.00,563
533,Chrissy,Puce,1955-12-01 00:24:28,$12.55,$501.06,802
534,Dori,Khaki,1990-06-11 13:15:15,$343.64,$518.01,354
535,Valencia,Fuscia,1917-06-13 01:10:17,$529.46,$52.19,160
536,Rustie,Orange,2002-10-12 01:51:37,$44.28,$36.73,330
537,Lenette,Crimson,1909-04-08 08:47:27,$477.71,$753.46,195
538,Ferrell,Yellow,1917-01-24 18:53:40,$720.41,$365.37,866
539,Gardener,Purple,1910-02-27 02:42:03,$396.35,$777.30,198
540,Willis,Turquoise,1900-09-29 23:19:20,$554.69,$286.77,564
541,Shaylyn,Puce,1922-08-21 16:43:07,$523.19,$255.49,887
542,Cecelia,Khaki,1941-04-28 04:06:58,$201.81,$971.17,960
543,Paige,Aquamarine,2006-09-22 20:33:43,$242.27,$795.35,734
544,Powell,Maroon,1931-02-01 11:11:37,$649.85,$814.76,808
545,Lissy,Turquoise,2004-04-28 03:54:32,$541.86,$661.33,945
546,Xerxes,Violet,1903-01-02 07:06:21,$295.47,$318.16,38
547,Ritchie,Green,1993-11-11 23:07:05,$853.94,$29.40,532
548,Domini,Maroon,1987-05-10 15:51:14,$463.57,$166.29,794
549,Ferdinande,Yellow,2009-11-18 11:41:53,$287.98,$893.36,897
550,Wynne,Aquamarine,1930-06-22 06:14:43,$8.90,$114.23,826
551,Cirstoforo,Crimson,1937-07-23 20:03:23,$846.38,$243.98,171
552,Jeramey,Yellow,1947-11-27 00:30:23,$180.69,$435.91,815
553,Ava,Blue,1959-05-03 11:55:09,$925.95,$342.76,992
554,Zachariah,Violet,2007-10-26 17:59:53,$48.37,$891.19,932
555,Francyne,Fuscia,1996-11-26 18:11:43,$472.75,$989.77,161
556,Erhart,Pink,1974-06-05 19:01:56,$443.42,$731.26,322
557,Karlotta,Red,1992-06-09 12:26:25,$414.44,$559.49,812
558,Eugen,Pink,1922-01-17 15:58:26,$676.60,$776.65,731
559,Francoise,Indigo,1929-08-18 18:55:55,$15.08,$488.65,774
560,Bobette,Fuscia,1929-02-07 12:57:19,$976.51,$501.80,691
561,Alicea,Teal,1902-08-23 05:06:38,$931.30,$404.56,439
562,Rosemary,Aquamarine,1921-04-17 01:47:30,$622.29,$279.03,517
563,Helaine,Aquamarine,1903-10-01 12:55:22,$698.08,$248.26,409
564,Brandie,Green,1951-12-18 20:59:06,$135.55,$442.51,450
565,Husein,Aquamarine,1941-10-23 17:18:45,$545.48,$817.26,437
566,Nerty,Blue,2016-04-30 08:05:57,$818.04,$608.47,516
567,Mimi,Indigo,1955-07-19 14:09:51,$674.85,$238.84,407
568,Onfre,Goldenrod,2007-07-01 10:26:27,$798.88,$962.44,147
569,Alessandra,Crimson,1928-03-04 09:58:02,$849.73,$900.54,231
570,Ettore,Red,1956-06-17 08:46:47,$318.96,$539.96,537
571,Ealasaid,Orange,1931-09-28 00:51:14,$542.10,$718.83,883
572,Joeann,Yellow,1995-01-15 16:48:03,$372.98,$753.88,811
573,Halsy,Turquoise,1910-03-05 02:50:32,$190.03,$796.56,863
574,Willetta,Pink,1982-11-17 15:53:41,$505.86,$62.79,340
575,Dasha,Fuscia,1981-10-12 05:08:28,$173.05,$561.58,851
576,Oriana,Crimson,1922-09-24 00:11:16,$354.18,$607.87,605
577,Zoe,Pink,1917-09-23 22:44:29,$363.65,$890.28,548
578,Bradly,Puce,1988-03-28 22:57:47,$308.43,$764.05,475
579,Abbey,Violet,1938-08-28 12:34:15,$216.63,$416.53,6
580,Cheryl,Puce,2000-09-18 13:23:09,$489.02,$94.07,205
581,Babette,Blue,1983-12-15 04:44:02,$124.57,$676.92,602
582,Rivkah,Blue,1968-04-19 01:55:26,$417.25,$475.29,953
583,Erek,Green,2007-07-24 14:28:30,$780.09,$991.72,745
584,Fonsie,Khaki,1926-04-14 10:25:17,$368.79,$676.86,94
585,Irv,Violet,1927-11-13 22:52:02,$126.09,$216.85,356
586,Carver,Violet,1987-10-16 21:17:19,$44.57,$682.27,187
587,Juline,Teal,1942-06-15 22:49:40,$781.05,$157.33,933
588,Cristina,Turquoise,2015-08-18 11:39:02,$677.72,$716.24,107
589,Gwyn,Crimson,1990-06-24 09:05:41,$586.89,$123.28,738
590,Killian,Orange,1995-07-05 04:11:41,$517.77,$874.16,853
591,Belinda,Khaki,1949-07-23 09:50:10,$974.13,$44.91,481
592,Cindy,Khaki,1917-05-24 13:11:21,$591.80,$74.69,13
593,Darwin,Khaki,1967-10-25 14:16:12,$512.37,$113.61,513
594,Ronni,Goldenrod,1997-08-26 04:44:22,$962.73,$228.13,265
595,Ulises,Violet,1906-07-19 12:53:20,$175.58,$634.93,942
596,Jarrett,Fuscia,1933-04-24 21:25:12,$812.77,$681.48,44
597,Chicky,Orange,1914-06-28 20:44:22,$957.09,$165.91,369
598,Pennie,Aquamarine,1981-05-25 02:46:03,$961.11,$595.25,511
599,Jeanna,Yellow,1915-01-29 17:30:05,$438.07,$248.69,478
600,Haydon,Purple,1923-08-15 01:47:01,$268.61,$200.36,485
601,Ashby,Red,1958-04-17 20:33:01,$913.09,$961.45,597
602,Paul,Pink,1983-11-04 06:41:35,$391.56,$431.05,982
603,Darcy,Crimson,1913-01-04 10:00:48,$577.29,$408.73,897
604,Adey,Yellow,1973-01-06 14:21:09,$26.37,$931.79,198
605,Isidor,Mauv,1920-11-10 14:08:00,$845.40,$226.77,621
606,Marthe,Puce,2005-05-21 05:32:29,$954.37,$33.63,499
607,Tabb,Indigo,2007-04-27 09:15:41,$703.13,$201.24,810
608,Lyndsey,Blue,1955-11-05 08:13:38,$398.63,$490.32,404
609,Jenni,Blue,1933-05-24 05:35:38,$205.92,$667.37,353
610,Welbie,Turquoise,1965-07-09 00:46:07,$228.82,$243.81,625
611,Hilde,Green,1920-11-07 05:45:23,$718.06,$266.00,324
612,Lilith,Orange,1970-03-17 03:14:35,$103.62,$406.87,337
613,Gerry,Yellow,1920-05-21 04:50:52,$560.07,$476.75,962
614,Gwyn,Khaki,1964-03-25 01:40:59,$313.21,$768.38,553
615,Bald,Mauv,1977-03-11 06:22:54,$20.46,$390.99,931
616,Lottie,Puce,1911-08-31 22:19:49,$562.12,$532.53,644
617,Marlo,Orange,1922-09-06 13:20:15,$22.81,$723.97,339
618,Claresta,Aquamarine,1961-03-16 11:32:26,$855.87,$700.14,717
619,Paolo,Orange,1940-08-10 22:29:55,$797.12,$874.39,245
620,Bili,Red,2010-07-02 03:04:56,$853.99,$342.85,907
621,Jacinthe,Puce,1942-02-21 10:17:30,$942.63,$572.03,607
622,Rourke,Aquamarine,1962-03-12 16:58:33,$136.17,$706.18,415
623,Letisha,Indigo,1918-03-11 18:28:17,$577.43,$749.45,521
624,Dorthy,Crimson,1903-11-17 10:41:15,$328.22,$401.48,801
625,Krystal,Green,1913-08-24 05:41:35,$443.80,$118.24,282
626,Florrie,Pink,1963-11-05 01:20:44,$113.86,$562.91,137
627,Rice,Red,1915-11-30 09:37:38,$380.18,$588.62,137
628,Stewart,Red,2002-01-13 04:33:27,$510.16,$739.47,842
629,Arlyn,Red,1954-03-30 08:47:29,$688.48,$518.67,777
630,Garek,Maroon,1946-08-02 05:09:13,$857.18,$804.18,706
631,Marjy,Mauv,1917-09-16 03:27:24,$834.43,$788.36,275
632,Vivian,Aquamarine,1941-09-29 17:37:57,$962.04,$890.17,184
633,Jemmie,Mauv,1931-03-06 02:31:20,$31.49,$449.12,191
634,Casper,Aquamarine,1948-05-01 13:52:37,$311.67,$359.67,740
635,Anna-diane,Purple,1982-05-23 11:10:54,$353.65,$687.72,395
636,Jacquelynn,Violet,1937-02-09 14:45:25,$984.89,$650.13,270
637,Mariellen,Orange,2011-02-22 04:13:16,$265.20,$55.29,636
638,Sigfried,Red,1975-06-14 01:56:55,$233.04,$340.19,345
639,Devland,Maroon,1909-04-17 15:31:09,$373.83,$366.36,477
640,Kristian,Pink,1934-07-04 07:47:57,$934.85,$663.19,73
641,Brockie,Fuscia,1991-05-18 07:04:48,$288.58,$343.63,431
642,Delano,Turquoise,1906-03-10 15:26:10,$381.05,$116.98,823
643,Lulu,Khaki,1958-08-17 16:58:12,$908.08,$873.78,337
644,Gasparo,Goldenrod,1966-12-19 13:45:48,$274.41,$869.70,491
645,Jackson,Violet,1974-01-16 09:27:33,$546.28,$402.76,555
646,Demetri,Violet,1989-07-10 15:38:38,$633.32,$375.26,946
647,Cynthia,Violet,2000-11-27 14:10:22,$964.29,$165.42,359
648,Michele,Indigo,1912-03-05 04:08:58,$433.32,$93.03,981
649,Torry,Indigo,2003-12-17 01:24:31,$937.91,$241.64,485
650,Sim,Maroon,1915-11-26 00:09:55,$923.79,$368.55,721
651,Codi,Fuscia,1970-06-03 03:12:57,$730.18,$33.20,69
652,Jory,Puce,1933-11-12 05:15:11,$794.01,$271.86,753
653,Valry,Green,1948-11-09 07:27:55,$769.25,$352.66,845
654,Lincoln,Indigo,1965-04-23 15:32:59,$968.95,$56.35,97
655,Patty,Indigo,2016-03-22 22:56:50,$32.57,$939.38,629
656,Tremain,Maroon,1927-09-18 03:28:14,$678.04,$538.26,977
657,Raynard,Turquoise,1946-12-16 01:45:42,$701.79,$234.67,398
658,Greg,Crimson,1969-12-18 11:25:27,$117.12,$651.33,662
659,Emily,Pink,1969-12-23 02:47:04,$676.83,$620.15,281
660,Wylma,Puce,1901-05-01 23:10:00,$806.08,$554.52,895
661,Hally,Aquamarine,1909-03-05 20:10:31,$792.44,$797.44,36
662,Kathryne,Yellow,1921-10-13 12:38:20,$125.11,$227.36,915
663,Leigh,Mauv,1939-08-04 11:45:11,$567.03,$412.64,254
664,Carlen,Goldenrod,1978-09-04 20:52:38,$835.91,$121.86,643
665,Ricard,Purple,1906-06-03 00:58:06,$197.23,$513.61,464
666,Rufus,Crimson,1989-04-05 12:21:25,$437.76,$485.37,317
667,Jeremie,Goldenrod,1979-10-03 18:07:49,$87.25,$590.98,390
668,Tybalt,Purple,1983-02-16 05:19:03,$86.43,$82.90,791
669,Hercules,Aquamarine,1998-12-18 16:55:32,$472.24,$545.22,984
670,Farra,Puce,1960-09-13 03:30:49,$847.28,$757.00,683
671,Ted,Crimson,1907-06-11 15:08:10,$698.14,$612.09,325
672,Alastair,Violet,1901-08-10 06:24:04,$480.29,$417.40,299
673,Zed,Yellow,1990-07-13 22:47:44,$913.40,$64.97,560
674,Faye,Mauv,2002-03-24 09:10:55,$449.71,$457.94,941
675,Eddi,Teal,1915-07-23 10:05:37,$66.59,$539.44,514
676,Kalina,Red,1999-08-17 08:38:36,$2.71,$234.22,169
677,Frasier,Teal,1901-11-29 09:46:11,$300.95,$935.25,664
678,Waylin,Aquamarine,1944-02-28 11:40:13,$297.72,$515.92,182
679,Slade,Yellow,1960-06-05 14:26:29,$644.33,$768.94,416
680,Heloise,Turquoise,2002-08-23 09:41:59,$796.40,$3.59,968
681,Gardy,Blue,2007-03-11 18:25:34,$187.94,$418.08,316
682,Kenneth,Purple,1971-01-28 08:06:59,$434.66,$766.78,712
683,Flin,Orange,1958-12-21 05:32:22,$315.24,$732.48,481
684,Dulciana,Purple,1953-10-22 20:32:46,$445.64,$119.10,445
685,Wyndham,Red,1912-12-31 14:34:24,$414.62,$390.12,688
686,Sanderson,Crimson,1920-08-23 20:38:24,$621.16,$812.48,311
687,Isabel,Puce,1988-01-25 07:19:23,$681.24,$536.51,471
688,Cullan,Teal,1950-02-10 06:54:36,$527.07,$853.11,1
689,Patsy,Blue,1950-05-08 22:54:18,$344.90,$477.82,453
690,Gertrudis,Khaki,1967-12-14 01:46:34,$245.22,$550.32,479
691,Ive,Crimson,1992-05-17 22:12:53,$544.66,$253.44,717
692,Eugenius,Mauv,1951-06-27 03:52:50,$160.32,$838.26,793
693,Kirk,Goldenrod,1972-07-20 19:59:23,$814.42,$251.91,717
694,Robbert,Crimson,1943-05-16 09:43:02,$707.86,$282.62,990
695,Taber,Purple,1983-04-03 16:30:22,$449.96,$861.33,920
696,Trip,Blue,2016-10-01 14:25:09,$593.40,$658.82,908
697,Maryanna,Orange,2011-08-08 09:34:52,$761.70,$459.08,770
698,Sharyl,Green,1994-02-16 11:06:48,$123.35,$841.61,978
699,Alf,Indigo,1954-08-31 07:04:11,$177.84,$323.99,394
700,Pearla,Pink,1989-06-17 06:31:02,$450.45,$830.71,552
701,Archy,Turquoise,1927-05-22 13:25:40,$191.82,$627.01,325
702,Cathryn,Teal,1938-10-23 19:17:08,$749.77,$799.40,759
703,Melisa,Turquoise,1982-10-28 20:34:25,$480.24,$930.33,384
704,Kerk,Aquamarine,1940-08-05 17:54:21,$124.98,$478.53,277
705,Gail,Fuscia,1911-03-20 04:21:43,$916.05,$753.62,411
706,Austina,Teal,1970-06-27 10:29:20,$63.80,$228.59,212
707,Elsworth,Indigo,1936-01-07 12:29:49,$275.10,$213.55,869
708,Gregorio,Purple,2002-02-18 15:15:12,$447.24,$522.98,167
709,Vivie,Maroon,2004-03-26 19:55:28,$719.00,$39.84,390
710,Cory,Aquamarine,1977-11-25 12:48:03,$242.36,$426.45,25
711,Hanan,Green,1959-01-12 22:39:26,$212.98,$100.51,163
712,Klement,Aquamarine,1990-11-07 21:44:32,$918.27,$612.46,837
713,Mikaela,Aquamarine,2006-03-24 22:58:46,$422.71,$33.39,949
714,Lira,Violet,1981-02-28 22:03:39,$397.94,$974.40,193
715,Jolie,Turquoise,1975-03-29 23:41:55,$960.45,$868.92,562
716,Clarabelle,Red,1994-08-22 01:42:37,$781.93,$847.97,635
717,Auberta,Fuscia,1921-12-10 16:37:23,$634.82,$744.50,737
718,Eloisa,Turquoise,1956-01-12 03:01:07,$934.63,$226.73,352
719,Poppy,Crimson,1921-07-09 06:10:33,$294.38,$831.98,681
720,Harley,Puce,1950-08-09 23:48:28,$182.97,$205.30,596
721,Rey,Puce,1939-12-07 11:35:24,$169.50,$932.58,275
722,Ethelind,Teal,1903-01-17 11:34:52,$177.52,$569.02,209
723,Ashely,Blue,1960-07-15 20:38:45,$269.84,$123.51,408
724,Bryana,Violet,1996-10-19 13:24:33,$976.63,$612.08,97
725,Teddie,Yellow,1921-09-01 16:03:09,$945.07,$513.64,697
726,Carolan,Goldenrod,1966-10-01 19:27:21,$23.92,$124.14,208
727,Billy,Orange,1941-09-07 18:09:56,$751.55,$499.97,759
728,Madeleine,Khaki,1935-09-05 23:44:24,$305.25,$134.07,153
729,Dayle,Puce,1980-07-19 19:24:11,$703.62,$56.60,346
730,Alaster,Blue,1977-08-21 20:49:06,$296.66,$6.24,157
731,Izabel,Green,2002-09-11 16:32:48,$164.69,$575.87,490
732,Nerissa,Orange,1923-04-02 18:56:10,$526.89,$240.43,503
733,Leoine,Turquoise,1964-05-07 20:27:51,$430.46,$837.10,32
734,Devan,Maroon,1999-11-12 10:47:40,$979.32,$385.46,826
735,Pavla,Aquamarine,1921-06-17 21:59:54,$745.75,$820.27,465
736,Koenraad,Maroon,2003-07-28 08:56:46,$916.27,$128.12,810
737,Gerri,Blue,1926-11-02 14:59:04,$632.92,$622.36,913
738,Wilone,Orange,1911-07-09 14:56:59,$341.07,$948.36,175
739,Claribel,Puce,1935-11-16 10:42:34,$743.92,$437.65,897
740,Eimile,Crimson,1954-09-15 19:29:18,$29.01,$304.15,310
741,Debi,Mauv,1935-11-17 04:54:11,$24.70,$126.30,99
742,Heriberto,Crimson,1917-04-10 18:32:28,$396.52,$420.44,297
743,Inglebert,Aquamarine,1939-10-29 19:34:11,$844.09,$49.40,543
744,Corrine,Mauv,1958-12-30 11:36:09,$31.79,$944.96,598
745,Worthington,Indigo,1945-08-27 16:11:25,$357.10,$446.70,790
746,Matelda,Goldenrod,1974-04-21 22:20:31,$221.06,$509.52,505
747,Annmaria,Blue,2017-02-26 16:34:27,$265.69,$320.61,220
748,Gaylor,Khaki,1983-06-03 15:55:22,$619.14,$732.61,463
749,Stephannie,Violet,1908-08-09 03:26:27,$93.76,$935.14,539
750,Darcey,Pink,1917-07-24 12:59:49,$875.67,$607.55,137
751,Inglebert,Pink,1984-11-20 07:03:05,$114.34,$152.29,680
752,Jimmy,Mauv,2013-06-14 18:36:05,$20.47,$991.96,987
753,Preston,Turquoise,2009-08-12 13:20:34,$154.28,$692.32,857
754,Grethel,Yellow,1968-05-24 04:12:19,$158.55,$775.47,735
755,Dita,Khaki,1917-08-15 15:55:09,$847.48,$667.56,568
756,Susi,Indigo,1924-10-07 02:32:49,$441.02,$624.24,105
757,Baily,Mauv,1905-11-27 10:03:06,$850.96,$681.22,531
758,Lidia,Purple,1943-03-29 19:13:13,$592.86,$445.19,585
759,Ronnica,Crimson,2009-08-18 11:37:55,$197.17,$236.54,419
760,Vasilis,Green,1983-08-08 04:40:28,$230.98,$792.05,352
761,Delainey,Goldenrod,1964-02-05 18:30:27,$746.53,$64.86,319
762,Yoko,Pink,1951-10-26 17:13:36,$261.74,$276.24,210
763,Dulce,Pink,1977-09-15 12:54:43,$176.14,$549.96,420
764,Jeffrey,Teal,1945-10-30 18:07:37,$414.27,$669.91,768
765,Normand,Green,1947-12-02 07:27:14,$703.63,$669.24,461
766,Kippy,Green,1947-10-06 08:16:08,$570.50,$76.82,663
767,Peri,Crimson,2015-12-04 01:49:31,$240.70,$603.51,586
768,Beatriz,Mauv,1985-09-16 14:46:38,$407.94,$986.01,9
769,Glennis,Yellow,1938-01-03 16:44:08,$83.35,$980.87,907
770,Alidia,Yellow,1931-08-23 20:12:37,$823.97,$182.54,460
771,Garland,Khaki,2017-02-25 21:55:14,$657.43,$388.77,972
772,Chelsie,Yellow,1910-08-09 13:57:08,$801.11,$842.27,262
773,Mariam,Indigo,1918-02-20 15:29:31,$122.70,$564.44,790
774,Jerrylee,Khaki,2000-03-17 03:02:53,$580.44,$630.85,561
775,Lynn,Indigo,1919-03-10 05:23:51,$418.09,$774.98,208
776,Cacilia,Pink,1985-03-05 00:23:27,$277.61,$354.04,324
777,Arlie,Khaki,1988-11-06 19:18:36,$498.86,$894.22,886
778,Zoe,Khaki,1996-10-28 19:17:46,$213.79,$59.40,761
779,Elly,Maroon,1903-12-24 02:35:54,$795.53,$969.62,595
780,Jada,Green,1961-10-14 13:33:38,$138.24,$809.21,987
781,Alonso,Aquamarine,1983-04-25 23:45:54,$154.19,$781.56,492
782,Elsey,Crimson,1927-06-29 11:35:55,$147.82,$777.15,588
783,Lotte,Violet,1944-09-03 03:03:07,$553.04,$738.06,568
784,Delores,Mauv,1974-03-21 15:01:52,$419.18,$771.12,986
785,Nicholle,Crimson,1996-01-10 03:40:10,$291.35,$959.00,727
786,Farlie,Teal,1908-12-25 11:25:41,$839.48,$605.74,784
787,Marcellina,Yellow,1994-04-16 15:22:06,$962.63,$508.32,133
788,Delmore,Orange,1965-03-12 02:40:44,$451.62,$262.16,454
789,Trevor,Turquoise,1954-12-14 16:22:08,$338.43,$847.70,163
790,Natalee,Khaki,1937-06-23 06:21:02,$770.95,$502.25,403
791,Tony,Turquoise,1927-04-09 23:11:36,$430.14,$123.08,661
792,Garrick,Khaki,2000-05-23 13:27:33,$730.66,$376.24,217
793,Garvey,Pink,1926-08-18 02:21:24,$435.38,$70.43,127
794,Mil,Maroon,1975-08-07 05:30:21,$223.91,$779.63,263
795,Brit,Crimson,1971-06-04 17:36:11,$424.28,$687.76,963
796,Jehanna,Khaki,1939-03-23 06:33:58,$658.08,$388.89,405
797,Lizabeth,Teal,1912-07-31 00:20:42,$645.76,$193.01,695
798,Mark,Red,1953-10-02 15:59:45,$240.29,$316.37,271
799,Abran,Pink,1972-05-22 20:25:59,$278.50,$760.52,203
800,Silvano,Green,2007-11-28 06:08:41,$806.19,$140.55,736
801,Victor,Maroon,1952-08-07 02:13:52,$391.90,$347.94,184
802,Karol,Crimson,1970-03-03 16:07:15,$581.17,$301.27,460
803,Keriann,Crimson,1998-06-04 22:30:41,$561.70,$431.56,369
804,Lou,Turquoise,1926-08-30 17:55:40,$503.03,$217.81,566
805,Scottie,Blue,1972-03-12 21:33:38,$780.99,$575.48,955
806,Maxine,Goldenrod,1906-04-08 19:05:51,$492.08,$872.15,18
807,Filmore,Mauv,1997-06-01 21:04:32,$704.78,$670.20,103
808,Darice,Blue,1949-09-01 17:15:18,$628.74,$959.81,416
809,Emlynne,Red,1980-05-02 05:18:28,$512.79,$844.12,150
810,Gavin,Goldenrod,1947-09-09 19:20:40,$297.40,$583.88,462
811,Cherice,Puce,1910-06-10 15:05:43,$445.22,$659.91,535
812,Mirna,Yellow,2014-02-17 07:46:08,$349.05,$750.93,476
813,Marcelle,Red,2017-03-03 17:19:58,$26.45,$199.50,904
814,Dael,Puce,1989-11-13 09:27:53,$46.73,$668.32,324
815,Hillard,Pink,1950-10-17 11:03:38,$897.03,$954.76,215
816,Idalina,Crimson,1927-06-14 13:17:55,$882.53,$175.36,365
817,Jacintha,Puce,1951-01-15 12:08:25,$158.99,$171.12,957
818,Coralie,Mauv,1987-04-04 04:45:30,$332.35,$68.53,67
819,Ollie,Fuscia,1907-05-07 13:38:09,$181.50,$51.68,580
820,Meridith,Purple,1934-11-19 17:30:22,$731.98,$360.66,607
821,Mill,Goldenrod,1995-01-30 22:46:39,$195.10,$632.20,623
822,Valentine,Orange,2009-03-15 05:24:51,$355.05,$389.35,754
823,Wood,Puce,1929-11-05 12:55:59,$131.68,$665.74,325
824,Veronica,Maroon,1989-11-11 18:40:54,$828.79,$469.41,793
825,Roxanna,Mauv,1968-08-10 06:18:21,$789.99,$785.83,101
826,Kendra,Green,1952-01-27 13:04:12,$524.54,$191.59,731
827,Dick,Fuscia,2014-02-04 12:11:07,$116.43,$502.48,890
828,Lindy,Goldenrod,1939-06-18 16:48:57,$499.02,$973.98,879
829,Tabbie,Red,1947-02-03 19:15:46,$929.40,$860.62,891
830,Datha,Fuscia,1911-10-10 19:53:50,$731.69,$8.59,271
831,Iorgos,Orange,1966-05-04 17:27:25,$343.89,$620.07,133
832,Nanice,Mauv,1952-06-13 02:06:27,$708.24,$245.97,999
833,Willie,Mauv,1907-04-12 22:55:48,$340.40,$156.99,110
834,Freddie,Maroon,1989-12-20 03:23:07,$344.21,$848.56,146
835,Taryn,Mauv,1936-04-15 23:12:58,$608.54,$178.86,194
836,Ally,Crimson,1969-07-01 08:28:06,$726.11,$885.61,216
837,Carri,Fuscia,1965-12-17 23:06:20,$415.72,$62.50,91
838,Weidar,Fuscia,2016-08-15 07:12:24,$144.20,$205.17,977
839,Mart,Purple,1956-12-24 08:28:19,$452.23,$221.78,663
840,Thatch,Turquoise,1988-12-30 03:36:34,$96.95,$616.77,364
841,Irwin,Yellow,1965-04-24 23:36:05,$778.15,$132.29,113
842,Ivar,Violet,1978-01-23 19:31:24,$887.32,$545.63,6
843,Cletus,Blue,1936-06-01 16:25:26,$839.89,$1.10,105
844,Batsheva,Orange,1957-07-08 19:31:33,$883.18,$131.25,580
845,Amble,Khaki,1976-09-27 05:52:14,$259.84,$232.27,242
846,Yolande,Indigo,1990-11-03 18:48:08,$443.60,$552.40,500
847,Rochell,Khaki,1929-10-23 02:42:29,$233.27,$382.73,81
848,Ivonne,Violet,1970-10-02 17:29:03,$617.50,$669.77,53
849,Ogdan,Purple,1949-10-03 17:38:30,$863.26,$464.84,366
850,Jozef,Orange,2013-12-15 14:46:44,$274.13,$11.13,983
851,Zachary,Green,1982-03-21 12:35:57,$639.97,$71.93,420
852,Vidovik,Khaki,1944-06-27 05:41:09,$357.94,$795.28,965
853,Heida,Crimson,1904-02-09 05:14:15,$605.34,$653.48,948
854,Teri,Puce,1943-10-30 23:54:28,$848.62,$753.61,947
855,Thibaut,Pink,1948-07-08 21:17:54,$550.77,$718.25,241
856,Yorke,Indigo,1957-10-04 12:53:45,$828.87,$115.43,135
857,Donnell,Turquoise,1928-08-12 08:13:32,$921.20,$913.00,344
858,Margret,Maroon,1917-10-13 16:18:24,$267.57,$467.71,627
859,Elvin,Indigo,1954-12-25 08:09:19,$677.41,$10.44,878
860,Cale,Khaki,1915-05-18 13:12:25,$50.16,$907.26,896
861,Ryon,Crimson,1955-07-05 04:28:27,$166.73,$894.43,944
862,Meridith,Turquoise,1991-07-17 16:52:17,$566.66,$38.20,291
863,Brok,Goldenrod,1911-03-26 04:23:34,$401.88,$589.84,633
864,Tamas,Orange,2002-09-20 00:11:59,$139.06,$916.86,511
865,Nannie,Red,1915-05-04 06:03:11,$872.57,$147.41,743
866,Dana,Blue,1956-11-10 21:40:07,$22.14,$198.67,581
867,Florida,Fuscia,1993-05-12 10:56:45,$691.61,$41.44,508
868,Nadia,Green,2007-01-28 14:58:44,$817.68,$162.33,953
869,Brigham,Red,1909-01-27 17:39:36,$539.24,$622.96,425
870,Hannah,Purple,1917-06-28 00:53:38,$407.37,$797.62,665
871,Nikoletta,Violet,2015-12-14 05:48:17,$379.11,$927.68,435
872,Abagail,Crimson,1909-01-18 11:56:16,$420.62,$207.22,135
873,Alejandrina,Fuscia,1988-11-15 04:28:14,$69.30,$484.63,685
874,Malina,Fuscia,2005-12-24 20:41:15,$532.18,$146.73,82
875,Aubrie,Khaki,1915-03-30 22:43:48,$455.06,$65.40,29
876,Dulci,Turquoise,2013-04-17 01:34:29,$816.86,$706.44,572
877,Zollie,Aquamarine,1939-04-26 21:08:51,$466.98,$337.85,281
878,Crissie,Crimson,2003-08-11 18:34:14,$889.95,$266.90,904
879,Aldus,Crimson,2008-05-18 13:11:34,$535.28,$512.20,590
880,Cyril,Crimson,1994-12-12 07:30:26,$829.95,$893.58,790
881,Payton,Puce,1944-05-22 04:13:55,$903.20,$293.20,655
882,Eddy,Fuscia,1991-06-17 17:16:27,$363.60,$261.04,594
883,Charlena,Orange,2002-03-25 22:52:14,$246.62,$162.42,565
884,Montague,Indigo,2009-06-04 13:07:39,$0.64,$106.26,588
885,Fulton,Blue,1997-05-11 03:17:07,$132.67,$166.32,699
886,Moses,Green,1990-06-22 05:52:27,$639.48,$233.65,201
887,Estelle,Mauv,1984-12-26 01:25:57,$640.18,$962.63,747
888,Thatch,Purple,1928-07-04 16:26:42,$311.52,$418.38,977
889,Desirae,Red,1900-03-27 20:55:49,$205.42,$337.13,935
890,Rainer,Red,1944-07-02 07:49:03,$724.67,$65.45,921
891,Clementine,Crimson,1925-08-19 10:07:22,$312.49,$413.29,386
892,Imojean,Khaki,2011-03-26 14:14:45,$150.13,$9.78,367
893,Dore,Khaki,1990-03-10 03:07:17,$820.09,$596.73,537
894,Rafaela,Violet,1930-06-25 20:50:51,$839.77,$54.15,913
895,Brock,Orange,1930-01-20 01:55:07,$21.86,$937.87,36
896,Giffard,Goldenrod,1964-01-07 00:13:26,$142.42,$410.13,142
897,Case,Aquamarine,2009-06-08 13:12:19,$36.04,$234.28,194
898,Costa,Orange,1902-05-06 15:03:11,$333.08,$494.25,84
899,Pearline,Blue,1915-04-08 17:27:16,$525.31,$632.07,393
900,Ham,Puce,1955-07-06 08:00:27,$919.98,$112.41,221
901,Carlos,Aquamarine,1969-01-27 23:41:14,$553.17,$64.10,958
902,Edouard,Mauv,1905-08-14 16:52:52,$742.21,$123.76,61
903,Maurine,Purple,1900-03-08 13:36:31,$506.36,$665.44,244
904,Crawford,Goldenrod,1911-07-04 12:18:37,$981.58,$863.91,569
905,Mella,Violet,1917-11-04 06:46:25,$900.56,$448.83,37
906,Gaye,Blue,1957-10-19 22:19:12,$269.70,$554.17,521
907,Nerty,Teal,1977-08-07 13:14:49,$813.91,$461.92,759
908,Hobey,Purple,1943-11-15 12:47:34,$359.89,$628.25,164
909,Erhart,Green,2007-02-27 10:57:27,$200.17,$473.59,568
910,Barnett,Blue,1945-09-28 04:31:14,$82.65,$31.43,181
911,Odille,Red,1912-02-27 03:42:29,$46.98,$927.57,820
912,Fidel,Yellow,1923-09-15 04:29:18,$389.98,$168.91,794
913,Ardelle,Yellow,1986-07-29 09:50:12,$778.43,$330.46,122
914,Claiborn,Aquamarine,1912-10-02 14:23:47,$539.33,$441.35,241
915,Oneida,Fuscia,1929-07-15 04:12:00,$113.52,$50.56,784
916,Obadiah,Aquamarine,1932-12-23 12:06:25,$238.38,$231.49,427
917,Otes,Crimson,1933-12-25 22:22:14,$648.84,$829.93,94
918,Balduin,Maroon,2003-02-27 17:19:14,$928.42,$157.06,536
919,Kissiah,Puce,1994-12-20 05:38:05,$671.67,$79.67,912
920,Claudine,Orange,1938-08-16 12:37:47,$929.34,$462.64,687
921,Keely,Goldenrod,1952-01-17 13:49:49,$103.71,$863.75,928
922,Doreen,Indigo,2002-01-25 07:24:22,$795.30,$263.80,970
923,Ivar,Orange,1991-05-05 14:58:22,$365.58,$473.82,674
924,Robbie,Puce,1966-01-07 18:23:12,$392.18,$920.59,86
925,Idalia,Teal,1915-12-10 01:25:22,$751.02,$840.54,705
926,Constantia,Green,1999-12-27 20:39:04,$950.61,$749.03,54
927,Griz,Aquamarine,1924-02-02 17:14:41,$429.65,$53.98,443
928,Pauletta,Mauv,1972-08-31 21:40:11,$644.97,$921.18,503
929,Janela,Khaki,1903-10-06 04:48:56,$406.04,$352.06,895
930,Esta,Orange,1977-05-21 04:48:02,$354.08,$277.55,47
931,Madeline,Aquamarine,1978-12-02 15:19:21,$129.52,$258.50,937
932,Cyrille,Yellow,1969-02-24 11:47:00,$373.24,$130.83,234
933,Caril,Mauv,1953-06-13 05:41:50,$395.34,$533.77,29
934,Kipp,Teal,1937-03-14 04:23:18,$887.02,$179.74,441
935,Larine,Maroon,1996-05-04 15:22:23,$661.82,$128.60,4
936,Agnese,Teal,1974-06-23 19:54:28,$481.98,$291.92,709
937,Beniamino,Indigo,1986-12-18 20:05:11,$490.00,$668.65,50
938,Collete,Khaki,1940-01-05 15:32:08,$467.20,$987.15,49
939,Hussein,Indigo,2003-12-24 16:40:41,$222.10,$505.17,1000
940,Windham,Violet,1932-06-19 14:17:04,$6.26,$745.15,627
941,Leshia,Mauv,1987-11-13 18:18:12,$973.56,$201.49,392
942,Joscelin,Aquamarine,1936-06-23 20:29:23,$227.80,$569.76,391
943,Reilly,Aquamarine,1983-06-01 01:20:47,$46.19,$340.46,499
944,Dalia,Khaki,1914-08-11 15:48:33,$677.60,$155.87,114
945,Shelley,Indigo,1941-12-20 00:35:44,$910.04,$896.50,647
946,Wendye,Puce,1908-04-26 10:50:27,$280.17,$395.06,140
947,Corly,Pink,1905-09-28 17:11:13,$803.78,$913.99,860
948,Marylou,Goldenrod,1915-04-29 07:44:23,$331.66,$40.39,182
949,Leopold,Teal,1932-03-04 06:27:39,$764.14,$768.55,421
950,Terza,Blue,1924-11-21 22:03:47,$881.72,$417.70,398
951,Rochella,Khaki,1902-01-01 15:11:01,$246.46,$985.17,65
952,Domeniga,Green,2001-06-29 10:16:29,$899.22,$858.03,382
953,Amity,Green,1974-08-13 23:21:09,$76.92,$357.93,662
954,Samuel,Puce,1905-06-21 05:18:09,$834.04,$396.69,522
955,Dante,Blue,1965-11-29 21:28:57,$908.41,$600.13,545
956,Cosmo,Purple,1957-09-17 08:39:36,$235.47,$529.54,987
957,Caz,Yellow,1950-10-04 16:01:14,$367.04,$227.14,574
958,Law,Puce,1918-06-22 19:44:14,$234.43,$858.92,379
959,Dalt,Crimson,1993-05-05 00:48:39,$177.02,$846.32,924
960,Briny,Orange,1976-05-26 17:49:10,$229.97,$564.64,608
961,Chan,Blue,1935-03-13 23:24:09,$760.13,$886.06,249
962,Frannie,Maroon,1910-03-06 20:14:02,$995.43,$530.41,69
963,Conni,Crimson,1901-10-17 09:38:44,$558.88,$556.03,264
964,Rodger,Red,1967-04-10 15:46:18,$530.24,$798.89,768
965,Merrile,Orange,1987-12-02 12:46:20,$661.78,$610.94,853
966,Malanie,Purple,1902-04-15 22:43:58,$892.12,$276.11,464
967,Neron,Aquamarine,2012-03-20 10:08:52,$889.56,$515.27,458
968,Maje,Crimson,1927-11-27 22:42:32,$670.50,$562.76,297
969,Anett,Aquamarine,1942-03-24 10:24:21,$612.08,$85.73,166
970,Katalin,Turquoise,2007-06-16 17:12:01,$934.62,$679.36,527
971,Rhea,Puce,1929-10-10 20:51:55,$854.29,$559.06,699
972,Jordanna,Green,2004-08-13 02:10:06,$945.73,$507.32,224
973,Kienan,Orange,1989-12-01 05:04:28,$46.90,$290.66,461
974,Georgi,Pink,1919-12-09 22:37:55,$22.77,$487.88,191
975,Michel,Green,2013-01-05 09:45:17,$93.03,$261.66,457
976,Maryrose,Blue,1905-04-24 20:24:14,$693.37,$174.98,456
977,Damon,Turquoise,1998-01-02 04:56:41,$66.34,$216.80,47
978,Araldo,Blue,1968-03-21 07:04:50,$251.29,$866.32,89
979,Della,Green,1938-10-02 06:07:23,$113.31,$900.41,213
980,Rafaellle,Aquamarine,1984-12-18 10:41:50,$53.57,$40.99,493
981,Ryon,Indigo,2016-05-04 17:59:58,$904.67,$97.82,565
982,Casar,Violet,1962-02-27 05:48:04,$250.23,$519.80,936
983,Lucille,Aquamarine,1982-12-26 08:25:35,$181.46,$164.72,219
984,Jolie,Khaki,1915-10-26 04:42:12,$235.23,$624.25,526
985,Shurwood,Goldenrod,1974-09-10 16:00:49,$681.84,$832.25,885
986,Merrile,Turquoise,1974-07-28 07:28:48,$748.16,$894.87,780
987,Lonee,Orange,1923-12-13 16:09:20,$40.78,$687.66,373
988,Amie,Crimson,1922-11-07 06:58:53,$746.06,$891.79,562
989,Janeta,Pink,1958-07-30 17:29:38,$540.85,$277.55,295
990,Husain,Khaki,1959-06-14 00:20:42,$25.44,$83.69,961
991,Egan,Indigo,1980-02-16 08:33:35,$790.53,$58.95,8
992,Arlyne,Orange,1966-08-05 12:34:25,$176.32,$507.45,255
993,Way,Violet,1970-08-14 23:12:19,$5.95,$677.47,648
994,Skippy,Pink,1927-06-29 01:06:21,$808.04,$857.56,115
995,Ysabel,Maroon,1921-07-10 20:40:39,$191.54,$442.02,54
996,Berry,Violet,1907-03-31 21:04:46,$231.90,$687.92,239
997,Fiona,Goldenrod,1919-07-10 08:16:43,$47.46,$937.68,977
998,Sella,Goldenrod,1991-07-26 03:14:07,$601.32,$463.05,987
999,Niccolo,Mauv,1913-07-01 06:15:34,$539.64,$757.41,627
1000,Karoly,Orange,1972-10-06 16:56:54,$941.25,$412.93,611
